Workbook
Name SegmentaciónDeDatos_Fecha: #N/A
Name SegmentaciónDeDatos_Fecha1: #N/A

Sheet Referencia
A1: Producto | B1: categoria | C1: Calsificacion | D1: Agrupacion Personalizada | F1: Categoria | G1: Clasificacion | I1: Clasificacion
A2: Asado de Tira | B2: Vacuno | C2: =IFERROR(VLOOKUP(Productos[[#This Row],[categoria]],Categoria[],2,FALSE),"INGRESA CATEGORÍA") -> Carnes | F2: Pollo | G2: Aves | I2: Aves
A3: EntraÃ±a | B3: Vacuno | C3: =IFERROR(VLOOKUP(Productos[[#This Row],[categoria]],Categoria[],2,FALSE),"INGRESA CATEGORÍA") -> Carnes | F3: Vacuno | G3: Carnes | I3: Carnes
A4: Filete | B4: Vacuno | C4: =IFERROR(VLOOKUP(Productos[[#This Row],[categoria]],Categoria[],2,FALSE),"INGRESA CATEGORÍA") -> Carnes | F4: Cerdo | G4: Carnes | I4: Pescado
A5: Flat Iron | B5: Vacuno | C5: =IFERROR(VLOOKUP(Productos[[#This Row],[categoria]],Categoria[],2,FALSE),"INGRESA CATEGORÍA") -> Carnes | F5: Pescado | G5: Pescado | I5: Mariscos
A6: Plateada | B6: Vacuno | C6: =IFERROR(VLOOKUP(Productos[[#This Row],[categoria]],Categoria[],2,FALSE),"INGRESA CATEGORÍA") -> Carnes | F6: Mariscos | G6: Mariscos | I6: Embutidos
A7: Atun Steak | B7: Pescado | C7: =IFERROR(VLOOKUP(Productos[[#This Row],[categoria]],Categoria[],2,FALSE),"INGRESA CATEGORÍA") -> Pescado | F7: Embutidos | G7: Embutidos | I7: Lacteos
A8: Salmon | B8: Pescado | C8: =IFERROR(VLOOKUP(Productos[[#This Row],[categoria]],Categoria[],2,FALSE),"INGRESA CATEGORÍA") -> Pescado | F8: Quesos | G8: Lacteos | I8: Verduras
A9: Camaron 20/30 con cascara | B9: Mariscos | C9: =IFERROR(VLOOKUP(Productos[[#This Row],[categoria]],Categoria[],2,FALSE),"INGRESA CATEGORÍA") -> Mariscos | F9: Papas | G9: Verduras | I9: Harina
A10: Locos | B10: Mariscos | C10: =IFERROR(VLOOKUP(Productos[[#This Row],[categoria]],Categoria[],2,FALSE),"INGRESA CATEGORÍA") -> Mariscos | F10: Palta | G10: Verduras | I10: Abarrotes
A11: Ostion | B11: Mariscos | C11: =IFERROR(VLOOKUP(Productos[[#This Row],[categoria]],Categoria[],2,FALSE),"INGRESA CATEGORÍA") -> Mariscos | F11: Champiñon | G11: Verduras | I11: Postres
A12: Pulpo | B12: Mariscos | C12: =IFERROR(VLOOKUP(Productos[[#This Row],[categoria]],Categoria[],2,FALSE),"INGRESA CATEGORÍA") -> Mariscos | F12: Tortas | G12: Postres | I12: Colación
A13: Jamon Serrano | B13: Embutidos | C13: =IFERROR(VLOOKUP(Productos[[#This Row],[categoria]],Categoria[],2,FALSE),"INGRESA CATEGORÍA") -> Embutidos | F13: Colacion | G13: Colación
A14: Pepperoni | B14: Embutidos | C14: =IFERROR(VLOOKUP(Productos[[#This Row],[categoria]],Categoria[],2,FALSE),"INGRESA CATEGORÍA") -> Embutidos | F14: Chocolate | G14: Abarrotes
A15: Mozzarella Fior Di Latte | B15: Quesos | C15: =IFERROR(VLOOKUP(Productos[[#This Row],[categoria]],Categoria[],2,FALSE),"INGRESA CATEGORÍA") -> Lacteos | F15: Aceite | G15: Abarrotes
A16: ChampiÃ±on Ostra | B16: Champiñon | C16: =IFERROR(VLOOKUP(Productos[[#This Row],[categoria]],Categoria[],2,FALSE),"INGRESA CATEGORÍA") -> Verduras | F16: Postres | G16: Postres
A17: ChampiÃ±on Paris | B17: Champiñon | C17: =IFERROR(VLOOKUP(Productos[[#This Row],[categoria]],Categoria[],2,FALSE),"INGRESA CATEGORÍA") -> Verduras
A18: ChampiÃ±on Portobello | B18: Champiñon | C18: =IFERROR(VLOOKUP(Productos[[#This Row],[categoria]],Categoria[],2,FALSE),"INGRESA CATEGORÍA") -> Verduras
A19: ChampiÃ±on Shitake | B19: Champiñon | C19: =IFERROR(VLOOKUP(Productos[[#This Row],[categoria]],Categoria[],2,FALSE),"INGRESA CATEGORÍA") -> Verduras
A20: Palta Hass | B20: Palta | C20: =IFERROR(VLOOKUP(Productos[[#This Row],[categoria]],Categoria[],2,FALSE),"INGRESA CATEGORÍA") -> Verduras
A21: Tiramisu | B21: Tortas | C21: =IFERROR(VLOOKUP(Productos[[#This Row],[categoria]],Categoria[],2,FALSE),"INGRESA CATEGORÍA") -> Postres
A22: Camaron 36/40 Con Cascara | B22: Mariscos | C22: =IFERROR(VLOOKUP(Productos[[#This Row],[categoria]],Categoria[],2,FALSE),"INGRESA CATEGORÍA") -> Mariscos
A23: Camaron 36/40 Sin cascara | B23: Mariscos | C23: =IFERROR(VLOOKUP(Productos[[#This Row],[categoria]],Categoria[],2,FALSE),"INGRESA CATEGORÍA") -> Mariscos
A24: Chipiron | B24: Mariscos | C24: =IFERROR(VLOOKUP(Productos[[#This Row],[categoria]],Categoria[],2,FALSE),"INGRESA CATEGORÍA") -> Mariscos
A25: Burrata | B25: Quesos | C25: =IFERROR(VLOOKUP(Productos[[#This Row],[categoria]],Categoria[],2,FALSE),"INGRESA CATEGORÍA") -> Lacteos
A26: Parmesano | B26: Quesos | C26: =IFERROR(VLOOKUP(Productos[[#This Row],[categoria]],Categoria[],2,FALSE),"INGRESA CATEGORÍA") -> Lacteos
A27: Queso Azul | B27: Quesos | C27: =IFERROR(VLOOKUP(Productos[[#This Row],[categoria]],Categoria[],2,FALSE),"INGRESA CATEGORÍA") -> Lacteos
A28: Creme Brule | B28: Tortas | C28: =IFERROR(VLOOKUP(Productos[[#This Row],[categoria]],Categoria[],2,FALSE),"INGRESA CATEGORÍA") -> Postres
... A107: Champi��on Engiri | B107: Champiñon | C107: =IFERROR(VLOOKUP(Productos[[#This Row],[categoria]],Categoria[],2,FALSE),"INGRESA CATEGORÍA") -> Verduras

Sheet Variacion
A1: Agrupacion Personalizada | B1: Clasificacion | C1: Categoria | D1: N° de dias en periodo | E1: Fecha Inicial | F1: Fecha | G1: Nombre Artículo | H1: Existencia Previa | I1: Compras | J1: Existencia | K1: Usado | L1: Vendido | M1: Diferencia | N1: Desperdicio | O1: % Diferencia | P1: Diferencia (Costo) | Q1: % Desperdicio | R1: Desperdicio (Costo) | S1: Porcentaje de Costo | T1: Porcentaje de Costo Ideal | U1: Ingresos | V1: Existencia (Costo) | W1: Compras (Costo) | X1: Usado (Costo) | Y1: Vendido (Costo)
A2: =IFERROR(VLOOKUP(RepVariacion[[#This Row],[Nombre Artículo]],Productos[],4,FALSE),"00 Falta Info") -> 0 | B2: =IFERROR(VLOOKUP(RepVariacion[[#This Row],[Nombre Artículo]],Productos[],3,FALSE),"00 Falta Info") -> Aves | C2: =IFERROR(VLOOKUP(RepVariacion[[#This Row],[Nombre Artículo]],Productos[],2,FALSE),"00 Falta Info") -> Pollo | D2: =RepVariacion[[#This Row],[Fecha]]-RepVariacion[[#This Row],[Fecha Inicial]]+1 -> 7 | E2: 46018 | F2: 46024 | G2: Pechuga Deshuesada | H2: 21.7 | J2: 17.6 | K2: 4.1 | L2: 3.1 | M2: -1.1 | O2: -0.262 | P2: -5698.61 | S2: 0.267 | T2: 0.197 | U2: 81580.56 | V2: 92749.86 | X2: 21776.21 | Y2: 16077.59
A3: =IFERROR(VLOOKUP(RepVariacion[[#This Row],[Nombre Artículo]],Productos[],4,FALSE),"00 Falta Info") -> 0 | B3: =IFERROR(VLOOKUP(RepVariacion[[#This Row],[Nombre Artículo]],Productos[],3,FALSE),"00 Falta Info") -> Carnes | C3: =IFERROR(VLOOKUP(RepVariacion[[#This Row],[Nombre Artículo]],Productos[],2,FALSE),"00 Falta Info") -> Vacuno | D3: =RepVariacion[[#This Row],[Fecha]]-RepVariacion[[#This Row],[Fecha Inicial]]+1 -> 7 | E3: 46018 | F3: 46024 | G3: Asado de Tira | H3: 16.3 | J3: 15.6 | K3: 0.7 | M3: -0.7 | O3: -1 | P3: -11192.98 | V3: 249444 | X3: 11192.98
A4: =IFERROR(VLOOKUP(RepVariacion[[#This Row],[Nombre Artículo]],Productos[],4,FALSE),"00 Falta Info") -> 0 | B4: =IFERROR(VLOOKUP(RepVariacion[[#This Row],[Nombre Artículo]],Productos[],3,FALSE),"00 Falta Info") -> Carnes | C4: =IFERROR(VLOOKUP(RepVariacion[[#This Row],[Nombre Artículo]],Productos[],2,FALSE),"00 Falta Info") -> Vacuno | D4: =RepVariacion[[#This Row],[Fecha]]-RepVariacion[[#This Row],[Fecha Inicial]]+1 -> 7 | E4: 46018 | F4: 46024 | G4: EntraÃ±a | H4: 24.7 | J4: 16.4 | K4: 8.4 | L4: 7.6 | M4: -0.8 | O4: -0.09 | P4: -26133.9 | S4: 0.367 | T4: 0.334 | U4: 790940.99 | V4: 568377.55 | X4: 290253.09 | Y4: 264119.19
A5: =IFERROR(VLOOKUP(RepVariacion[[#This Row],[Nombre Artículo]],Productos[],4,FALSE),"00 Falta Info") -> 0 | B5: =IFERROR(VLOOKUP(RepVariacion[[#This Row],[Nombre Artículo]],Productos[],3,FALSE),"00 Falta Info") -> Carnes | C5: =IFERROR(VLOOKUP(RepVariacion[[#This Row],[Nombre Artículo]],Productos[],2,FALSE),"00 Falta Info") -> Vacuno | D5: =RepVariacion[[#This Row],[Fecha]]-RepVariacion[[#This Row],[Fecha Inicial]]+1 -> 7 | E5: 46018 | F5: 46024 | G5: Filete | H5: 36.5 | I5: 22.5 | J5: 50.9 | K5: 8.1 | L5: 5.4 | M5: -2.8 | N5: 1.3 | O5: -0.341 | P5: -38632.56 | Q5: 0.163 | R5: 18424.61 | S5: 0.301 | T5: 0.2 | U5: 374432.16 | V5: 708086.05 | W5: 314481 | X5: 112867.47 | Y5: 74713.81
A6: =IFERROR(VLOOKUP(RepVariacion[[#This Row],[Nombre Artículo]],Productos[],4,FALSE),"00 Falta Info") -> 0 | B6: =IFERROR(VLOOKUP(RepVariacion[[#This Row],[Nombre Artículo]],Productos[],3,FALSE),"00 Falta Info") -> Carnes | C6: =IFERROR(VLOOKUP(RepVariacion[[#This Row],[Nombre Artículo]],Productos[],2,FALSE),"00 Falta Info") -> Vacuno | D6: =RepVariacion[[#This Row],[Fecha]]-RepVariacion[[#This Row],[Fecha Inicial]]+1 -> 7 | E6: 46018 | F6: 46024 | G6: Filete Medallon | H6: 50.1 | J6: 38.3 | K6: 11.8 | L6: 2.8 | M6: -9 | N6: 2 | O6: -0.766 | P6: -175961.48 | Q6: 0.17 | R6: 39020.7 | S6: 1.373 | T6: 0.321 | U6: 167227 | V6: 748048.66 | X6: 229614.94 | Y6: 53653.46
A7: =IFERROR(VLOOKUP(RepVariacion[[#This Row],[Nombre Artículo]],Productos[],4,FALSE),"00 Falta Info") -> 0 | B7: =IFERROR(VLOOKUP(RepVariacion[[#This Row],[Nombre Artículo]],Productos[],3,FALSE),"00 Falta Info") -> Carnes | C7: =IFERROR(VLOOKUP(RepVariacion[[#This Row],[Nombre Artículo]],Productos[],2,FALSE),"00 Falta Info") -> Vacuno | D7: =RepVariacion[[#This Row],[Fecha]]-RepVariacion[[#This Row],[Fecha Inicial]]+1 -> 7 | E7: 46018 | F7: 46024 | G7: Mechada EntraÃ±a | H7: 20 | J7: 20.2 | K7: -0.2 | M7: 0.2 | O7: 1 | P7: 2050 | V7: 166050 | X7: -2050
A8: =IFERROR(VLOOKUP(RepVariacion[[#This Row],[Nombre Artículo]],Productos[],4,FALSE),"00 Falta Info") -> 0 | B8: =IFERROR(VLOOKUP(RepVariacion[[#This Row],[Nombre Artículo]],Productos[],3,FALSE),"00 Falta Info") -> Carnes | C8: =IFERROR(VLOOKUP(RepVariacion[[#This Row],[Nombre Artículo]],Productos[],2,FALSE),"00 Falta Info") -> Vacuno | D8: =RepVariacion[[#This Row],[Fecha]]-RepVariacion[[#This Row],[Fecha Inicial]]+1 -> 7 | E8: 46018 | F8: 46024 | G8: Plateada | H8: 14.6 | J8: 9.4 | K8: 5.2 | L8: 4.9 | M8: -0.3 | O8: -0.058 | P8: -3638.8 | S8: 0.319 | T8: 0.3 | U8: 195448.65 | V8: 112352.81 | X8: 62329.11 | Y8: 58690.31
A9: =IFERROR(VLOOKUP(RepVariacion[[#This Row],[Nombre Artículo]],Productos[],4,FALSE),"00 Falta Info") -> 0 | B9: =IFERROR(VLOOKUP(RepVariacion[[#This Row],[Nombre Artículo]],Productos[],3,FALSE),"00 Falta Info") -> Carnes | C9: =IFERROR(VLOOKUP(RepVariacion[[#This Row],[Nombre Artículo]],Productos[],2,FALSE),"00 Falta Info") -> Vacuno | D9: =RepVariacion[[#This Row],[Fecha]]-RepVariacion[[#This Row],[Fecha Inicial]]+1 -> 7 | E9: 46018 | F9: 46024 | G9: Plateada al jugo 200 gr | H9: 32.99 | I9: 24 | J9: 32.55 | K9: 24.44 | L9: 25 | M9: 0.56 | O9: 0.023 | P9: 8355 | S9: 4.809 | T9: 4.919 | U9: 76235 | V9: 488190 | W9: 360000 | X9: 366645 | Y9: 375000
A10: =IFERROR(VLOOKUP(RepVariacion[[#This Row],[Nombre Artículo]],Productos[],4,FALSE),"00 Falta Info") -> 0 | B10: =IFERROR(VLOOKUP(RepVariacion[[#This Row],[Nombre Artículo]],Productos[],3,FALSE),"00 Falta Info") -> Pescado | C10: =IFERROR(VLOOKUP(RepVariacion[[#This Row],[Nombre Artículo]],Productos[],2,FALSE),"00 Falta Info") -> Pescado | D10: =RepVariacion[[#This Row],[Fecha]]-RepVariacion[[#This Row],[Fecha Inicial]]+1 -> 7 | E10: 46018 | F10: 46024 | G10: Atun Steak | H10: 20.3 | I10: 15 | J10: 26.3 | K10: 9 | L10: 7.5 | M10: -1.5 | O10: -0.162 | P10: -13903.74 | S10: 0.237 | T10: 0.199 | U10: 362273.69 | V10: 251105.45 | W10: 143250 | X10: 85953.2 | Y10: 72049.41
A11: =IFERROR(VLOOKUP(RepVariacion[[#This Row],[Nombre Artículo]],Productos[],4,FALSE),"00 Falta Info") -> 0 | B11: =IFERROR(VLOOKUP(RepVariacion[[#This Row],[Nombre Artículo]],Productos[],3,FALSE),"00 Falta Info") -> Pescado | C11: =IFERROR(VLOOKUP(RepVariacion[[#This Row],[Nombre Artículo]],Productos[],2,FALSE),"00 Falta Info") -> Pescado | D11: =RepVariacion[[#This Row],[Fecha]]-RepVariacion[[#This Row],[Fecha Inicial]]+1 -> 7 | E11: 46018 | F11: 46024 | G11: Corvina | H11: 21.6 | I11: 55.2 | J11: 39.4 | K11: 37.5 | L11: 35.9 | M11: -1.5 | O11: -0.041 | P11: -12336.56 | S11: 0.126 | T11: 0.139 | U11: 2070491 | V11: 314933.83 | W11: 434668 | X11: 260329.17 | Y11: 287000.79
A12: =IFERROR(VLOOKUP(RepVariacion[[#This Row],[Nombre Artículo]],Productos[],4,FALSE),"00 Falta Info") -> 0 | B12: =IFERROR(VLOOKUP(RepVariacion[[#This Row],[Nombre Artículo]],Productos[],3,FALSE),"00 Falta Info") -> Pescado | C12: =IFERROR(VLOOKUP(RepVariacion[[#This Row],[Nombre Artículo]],Productos[],2,FALSE),"00 Falta Info") -> Pescado | D12: =RepVariacion[[#This Row],[Fecha]]-RepVariacion[[#This Row],[Fecha Inicial]]+1 -> 7 | E12: 46018 | F12: 46024 | G12: Salmon | H12: 33.8 | J12: 19.1 | K12: 14.8 | L12: 17.4 | M12: 2.6 | N12: 0.5 | O12: 0.176 | P12: 25937.67 | Q12: 0.031 | R12: 4521.08 | S12: 0.076 | T12: 0.09 | U12: 1928072.6 | V12: 189891.95 | X12: 147133.25 | Y12: 173070.92
A13: =IFERROR(VLOOKUP(RepVariacion[[#This Row],[Nombre Artículo]],Productos[],4,FALSE),"00 Falta Info") -> 0 | B13: =IFERROR(VLOOKUP(RepVariacion[[#This Row],[Nombre Artículo]],Productos[],3,FALSE),"00 Falta Info") -> Mariscos | C13: =IFERROR(VLOOKUP(RepVariacion[[#This Row],[Nombre Artículo]],Productos[],2,FALSE),"00 Falta Info") -> Mariscos | D13: =RepVariacion[[#This Row],[Fecha]]-RepVariacion[[#This Row],[Fecha Inicial]]+1 -> 7 | E13: 46018 | F13: 46024 | G13: Almejas | H13: 28.6 | J13: 9.9 | K13: 18.6 | L13: 2.4 | M13: -16.2 | N13: 3.3 | O13: -0.871 | P13: -49439.21 | Q13: 0.176 | R13: 9981.27 | S13: 3.512 | T13: 0.452 | U13: 16157.8 | V13: 30164.42 | X13: 56742.58 | Y13: 7303.36
A14: =IFERROR(VLOOKUP(RepVariacion[[#This Row],[Nombre Artículo]],Productos[],4,FALSE),"00 Falta Info") -> 0 | B14: =IFERROR(VLOOKUP(RepVariacion[[#This Row],[Nombre Artículo]],Productos[],3,FALSE),"00 Falta Info") -> Mariscos | C14: =IFERROR(VLOOKUP(RepVariacion[[#This Row],[Nombre Artículo]],Productos[],2,FALSE),"00 Falta Info") -> Mariscos | D14: =RepVariacion[[#This Row],[Fecha]]-RepVariacion[[#This Row],[Fecha Inicial]]+1 -> 7 | E14: 46018 | F14: 46024 | G14: Camaron 36/40 Sin cascara | H14: 18.7 | J14: 16.6 | K14: 2.1 | L14: 3 | M14: 0.9 | O14: 0.426 | P14: 6787.41 | S14: 0.124 | T14: 0.178 | U14: 128000 | V14: 125581.62 | X14: 15934.38 | Y14: 22721.8
A15: =IFERROR(VLOOKUP(RepVariacion[[#This Row],[Nombre Artículo]],Productos[],4,FALSE),"00 Falta Info") -> 0 | B15: =IFERROR(VLOOKUP(RepVariacion[[#This Row],[Nombre Artículo]],Productos[],3,FALSE),"00 Falta Info") -> Mariscos | C15: =IFERROR(VLOOKUP(RepVariacion[[#This Row],[Nombre Artículo]],Productos[],2,FALSE),"00 Falta Info") -> Mariscos | D15: =RepVariacion[[#This Row],[Fecha]]-RepVariacion[[#This Row],[Fecha Inicial]]+1 -> 7 | E15: 46018 | F15: 46024 | G15: Langostino | H15: 23.8 | J15: 24.4 | K15: -0.6 | L15: 0.7 | M15: 1.3 | O15: 2.045 | P15: 15988.83 | S15: -0.26 | T15: 0.272 | U15: 30084 | V15: 305976.49 | X15: -7819.34 | Y15: 8169.49
A16: =IFERROR(VLOOKUP(RepVariacion[[#This Row],[Nombre Artículo]],Productos[],4,FALSE),"00 Falta Info") -> 0 | B16: =IFERROR(VLOOKUP(RepVariacion[[#This Row],[Nombre Artículo]],Productos[],3,FALSE),"00 Falta Info") -> Mariscos | C16: =IFERROR(VLOOKUP(RepVariacion[[#This Row],[Nombre Artículo]],Productos[],2,FALSE),"00 Falta Info") -> Mariscos | D16: =RepVariacion[[#This Row],[Fecha]]-RepVariacion[[#This Row],[Fecha Inicial]]+1 -> 7 | E16: 46018 | F16: 46024 | G16: Locos | H16: 32.17 | I16: 6 | J16: 35.19 | K16: 2.98 | L16: 3.35 | M16: 0.37 | N16: 0.09 | O16: 0.125 | P16: 8712.45 | Q16: 0.03 | R16: 2117.59 | S16: 0.35 | T16: 0.394 | U16: 199803.48 | V16: 825416.5 | W16: 141000 | X16: 69947.83 | Y16: 78684.25
A17: =IFERROR(VLOOKUP(RepVariacion[[#This Row],[Nombre Artículo]],Productos[],4,FALSE),"00 Falta Info") -> 0 | B17: =IFERROR(VLOOKUP(RepVariacion[[#This Row],[Nombre Artículo]],Productos[],3,FALSE),"00 Falta Info") -> Mariscos | C17: =IFERROR(VLOOKUP(RepVariacion[[#This Row],[Nombre Artículo]],Productos[],2,FALSE),"00 Falta Info") -> Mariscos | D17: =RepVariacion[[#This Row],[Fecha]]-RepVariacion[[#This Row],[Fecha Inicial]]+1 -> 7 | E17: 46018 | F17: 46024 | G17: Ostion | H17: 21.5 | J17: 21.7 | K17: -0.2 | L17: 0.3 | M17: 0.5 | N17: 0.1 | O17: 2.373 | P17: 7403.22 | Q17: -0.425 | R17: 1325.87 | S17: -0.352 | T17: 0.483 | U17: 8868.07 | V17: 331419.4 | X17: -3119.47 | Y17: 4283.76
A18: =IFERROR(VLOOKUP(RepVariacion[[#This Row],[Nombre Artículo]],Productos[],4,FALSE),"00 Falta Info") -> 0 | B18: =IFERROR(VLOOKUP(RepVariacion[[#This Row],[Nombre Artículo]],Productos[],3,FALSE),"00 Falta Info") -> Mariscos | C18: =IFERROR(VLOOKUP(RepVariacion[[#This Row],[Nombre Artículo]],Productos[],2,FALSE),"00 Falta Info") -> Mariscos | D18: =RepVariacion[[#This Row],[Fecha]]-RepVariacion[[#This Row],[Fecha Inicial]]+1 -> 7 | E18: 46018 | F18: 46024 | G18: Ostion sin concha | H18: 3 | J18: 3 | V18: 44700
A19: =IFERROR(VLOOKUP(RepVariacion[[#This Row],[Nombre Artículo]],Productos[],4,FALSE),"00 Falta Info") -> 0 | B19: =IFERROR(VLOOKUP(RepVariacion[[#This Row],[Nombre Artículo]],Productos[],3,FALSE),"00 Falta Info") -> Mariscos | C19: =IFERROR(VLOOKUP(RepVariacion[[#This Row],[Nombre Artículo]],Productos[],2,FALSE),"00 Falta Info") -> Mariscos | D19: =RepVariacion[[#This Row],[Fecha]]-RepVariacion[[#This Row],[Fecha Inicial]]+1 -> 7 | E19: 46018 | F19: 46024 | G19: Ostras | H19: 1.3 | I19: 13.2 | J19: 5.8 | K19: 8.6 | L19: 10.3 | M19: 1.7 | O19: 0.193 | P19: 24157.8 | S19: 0.081 | T19: 0.101 | U19: 1479181.7 | V19: 84393.43 | W19: 185950 | X19: 119955.03 | Y19: 149507.44
A20: =IFERROR(VLOOKUP(RepVariacion[[#This Row],[Nombre Artículo]],Productos[],4,FALSE),"00 Falta Info") -> 0 | B20: =IFERROR(VLOOKUP(RepVariacion[[#This Row],[Nombre Artículo]],Productos[],3,FALSE),"00 Falta Info") -> Mariscos | C20: =IFERROR(VLOOKUP(RepVariacion[[#This Row],[Nombre Artículo]],Productos[],2,FALSE),"00 Falta Info") -> Mariscos | D20: =RepVariacion[[#This Row],[Fecha]]-RepVariacion[[#This Row],[Fecha Inicial]]+1 -> 7 | E20: 46018 | F20: 46024 | G20: Pulpo | H20: 12.8 | J20: 5.8 | K20: 6.9 | L20: 4.6 | M20: -2.4 | N20: 1.3 | O20: -0.343 | P20: -21997.66 | Q20: 0.192 | R20: 12291.26 | S20: 0.502 | T20: 0.33 | U20: 127850.95 | V20: 53915.86 | X20: 64139.31 | Y20: 42141.65
A21: =IFERROR(VLOOKUP(RepVariacion[[#This Row],[Nombre Artículo]],Productos[],4,FALSE),"00 Falta Info") -> 0 | B21: =IFERROR(VLOOKUP(RepVariacion[[#This Row],[Nombre Artículo]],Productos[],3,FALSE),"00 Falta Info") -> Embutidos | C21: =IFERROR(VLOOKUP(RepVariacion[[#This Row],[Nombre Artículo]],Productos[],2,FALSE),"00 Falta Info") -> Embutidos | D21: =RepVariacion[[#This Row],[Fecha]]-RepVariacion[[#This Row],[Fecha Inicial]]+1 -> 7 | E21: 46018 | F21: 46024 | G21: Jamon Serrano | H21: 8.4 | J21: 6.6 | K21: 1.9 | L21: 2.1 | M21: 0.2 | O21: 0.124 | P21: 5388.81 | S21: 0.38 | T21: 0.428 | U21: 114215.77 | V21: 150564.96 | X21: 43443.69 | Y21: 48832.5
A22: =IFERROR(VLOOKUP(RepVariacion[[#This Row],[Nombre Artículo]],Productos[],4,FALSE),"00 Falta Info") -> 0 | B22: =IFERROR(VLOOKUP(RepVariacion[[#This Row],[Nombre Artículo]],Productos[],3,FALSE),"00 Falta Info") -> Embutidos | C22: =IFERROR(VLOOKUP(RepVariacion[[#This Row],[Nombre Artículo]],Productos[],2,FALSE),"00 Falta Info") -> Embutidos | D22: =RepVariacion[[#This Row],[Fecha]]-RepVariacion[[#This Row],[Fecha Inicial]]+1 -> 7 | E22: 46018 | F22: 46024 | G22: Pepperoni | H22: 6.7 | J22: 5.8 | K22: 1 | L22: 1 | M22: 0.1 | O22: 0.06 | P22: 612.85 | S22: 0.126 | T22: 0.134 | U22: 80732.49 | V22: 59872.29 | X22: 10189.92 | Y22: 10802.77
A23: =IFERROR(VLOOKUP(RepVariacion[[#This Row],[Nombre Artículo]],Productos[],4,FALSE),"00 Falta Info") -> 0 | B23: =IFERROR(VLOOKUP(RepVariacion[[#This Row],[Nombre Artículo]],Productos[],3,FALSE),"00 Falta Info") -> Lacteos | C23: =IFERROR(VLOOKUP(RepVariacion[[#This Row],[Nombre Artículo]],Productos[],2,FALSE),"00 Falta Info") -> Quesos | D23: =RepVariacion[[#This Row],[Fecha]]-RepVariacion[[#This Row],[Fecha Inicial]]+1 -> 7 | E23: 46018 | F23: 46024 | G23: Burrata | H23: 143 | I23: 32 | J23: 152 | K23: 23 | L23: 24 | M23: 1 | O23: 0.043 | P23: 4191.3 | S23: 0.526 | T23: 0.548 | U23: 183436.73 | V23: 637078.02 | W23: 134080 | X23: 96408.39 | Y23: 100591.27
A24: =IFERROR(VLOOKUP(RepVariacion[[#This Row],[Nombre Artículo]],Productos[],4,FALSE),"00 Falta Info") -> 0 | B24: =IFERROR(VLOOKUP(RepVariacion[[#This Row],[Nombre Artículo]],Productos[],3,FALSE),"00 Falta Info") -> Lacteos | C24: =IFERROR(VLOOKUP(RepVariacion[[#This Row],[Nombre Artículo]],Productos[],2,FALSE),"00 Falta Info") -> Quesos | D24: =RepVariacion[[#This Row],[Fecha]]-RepVariacion[[#This Row],[Fecha Inicial]]+1 -> 7 | E24: 46018 | F24: 46024 | G24: Mascarpone | H24: 9 | J24: 8.9 | K24: 0.1 | L24: 3.4 | M24: 3.2 | O24: 32.5
A25: =IFERROR(VLOOKUP(RepVariacion[[#This Row],[Nombre Artículo]],Productos[],4,FALSE),"00 Falta Info") -> 0 | B25: =IFERROR(VLOOKUP(RepVariacion[[#This Row],[Nombre Artículo]],Productos[],3,FALSE),"00 Falta Info") -> Lacteos | C25: =IFERROR(VLOOKUP(RepVariacion[[#This Row],[Nombre Artículo]],Productos[],2,FALSE),"00 Falta Info") -> Quesos | D25: =RepVariacion[[#This Row],[Fecha]]-RepVariacion[[#This Row],[Fecha Inicial]]+1 -> 7 | E25: 46018 | F25: 46024 | G25: Mozzarella Fior Di Latte | H25: 44.8 | I25: 14 | J25: 46.3 | K25: 12.5 | L25: 13 | M25: 0.5 | O25: 0.04 | P25: 6107.98 | S25: 0.169 | T25: 0.177 | U25: 893747.01 | V25: 564735.1 | W25: 173460 | X25: 151388.99 | Y25: 158529.68
A26: =IFERROR(VLOOKUP(RepVariacion[[#This Row],[Nombre Artículo]],Productos[],4,FALSE),"00 Falta Info") -> 0 | B26: =IFERROR(VLOOKUP(RepVariacion[[#This Row],[Nombre Artículo]],Productos[],3,FALSE),"00 Falta Info") -> Lacteos | C26: =IFERROR(VLOOKUP(RepVariacion[[#This Row],[Nombre Artículo]],Productos[],2,FALSE),"00 Falta Info") -> Quesos | D26: =RepVariacion[[#This Row],[Fecha]]-RepVariacion[[#This Row],[Fecha Inicial]]+1 -> 7 | E26: 46018 | F26: 46024 | G26: Parmesano | H26: 11.7 | J26: 10.7 | K26: 1 | L26: 1 | O26: -0.02 | P26: -272.79 | S26: 0.053 | T26: 0.052 | U26: 253622.56 | V26: 138941.04 | X26: 13522.59 | Y26: 13249.8
A27: =IFERROR(VLOOKUP(RepVariacion[[#This Row],[Nombre Artículo]],Productos[],4,FALSE),"00 Falta Info") -> 0 | B27: =IFERROR(VLOOKUP(RepVariacion[[#This Row],[Nombre Artículo]],Productos[],3,FALSE),"00 Falta Info") -> Lacteos | C27: =IFERROR(VLOOKUP(RepVariacion[[#This Row],[Nombre Artículo]],Productos[],2,FALSE),"00 Falta Info") -> Quesos | D27: =RepVariacion[[#This Row],[Fecha]]-RepVariacion[[#This Row],[Fecha Inicial]]+1 -> 7 | E27: 46018 | F27: 46024 | G27: Provoleta | H27: 7.6 | I27: 10.5 | J27: 16 | K27: 2.1 | L27: 1.7 | M27: -0.4 | O27: -0.174 | P27: -5002.06 | S27: 0.219 | T27: 0.184 | U27: 129412 | V27: 222357.65 | W27: 146895 | X27: 28399.75 | Y27: 23805.81
A28: =IFERROR(VLOOKUP(RepVariacion[[#This Row],[Nombre Artículo]],Productos[],4,FALSE),"00 Falta Info") -> 0 | B28: =IFERROR(VLOOKUP(RepVariacion[[#This Row],[Nombre Artículo]],Productos[],3,FALSE),"00 Falta Info") -> Lacteos | C28: =IFERROR(VLOOKUP(RepVariacion[[#This Row],[Nombre Artículo]],Productos[],2,FALSE),"00 Falta Info") -> Quesos | D28: =RepVariacion[[#This Row],[Fecha]]-RepVariacion[[#This Row],[Fecha Inicial]]+1 -> 7 | E28: 46018 | F28: 46024 | G28: Queso Azul | H28: 1.1 | I28: 5 | J28: 5.6 | K28: 0.5 | L28: 0.4 | M28: -0.1 | O28: -0.255 | P28: -1720.77 | S28: 0.231 | T28: 0.172 | U28: 29213.36 | V28: 78497.71 | W28: 69950 | X28: 6757.03 | Y28: 5036.39
A29: =IFERROR(VLOOKUP(RepVariacion[[#This Row],[Nombre Artículo]],Productos[],4,FALSE),"00 Falta Info") -> 0 | B29: =IFERROR(VLOOKUP(RepVariacion[[#This Row],[Nombre Artículo]],Productos[],3,FALSE),"00 Falta Info") -> Lacteos | C29: =IFERROR(VLOOKUP(RepVariacion[[#This Row],[Nombre Artículo]],Productos[],2,FALSE),"00 Falta Info") -> Quesos | D29: =RepVariacion[[#This Row],[Fecha]]-RepVariacion[[#This Row],[Fecha Inicial]]+1 -> 7 | E29: 46018 | F29: 46024 | G29: Queso Brie | H29: 4.4 | J29: 3.6 | K29: 0.8 | L29: 0.5 | M29: -0.3 | O29: -0.372 | P29: -7505.48 | S29: 0.246 | T29: 0.155 | U29: 82044 | V29: 92550.65 | X29: 20183.65 | Y29: 12678.17
A30: =IFERROR(VLOOKUP(RepVariacion[[#This Row],[Nombre Artículo]],Productos[],4,FALSE),"00 Falta Info") -> 0 | B30: =IFERROR(VLOOKUP(RepVariacion[[#This Row],[Nombre Artículo]],Productos[],3,FALSE),"00 Falta Info") -> Lacteos | C30: =IFERROR(VLOOKUP(RepVariacion[[#This Row],[Nombre Artículo]],Productos[],2,FALSE),"00 Falta Info") -> Quesos | D30: =RepVariacion[[#This Row],[Fecha]]-RepVariacion[[#This Row],[Fecha Inicial]]+1 -> 7 | E30: 46018 | F30: 46024 | G30: Queso Crema | H30: 8.8 | J30: 8.6 | K30: 0.2 | L30: 0.7 | M30: 0.5 | N30: 0.1 | O30: 1.99 | P30: 4644.54 | Q30: 0.639 | R30: 1492.7 | S30: 0.125 | T30: 0.374 | U30: 18656.35 | V30: 87825.26 | X30: 2334.29 | Y30: 6978.83
A31: =IFERROR(VLOOKUP(RepVariacion[[#This Row],[Nombre Artículo]],Productos[],4,FALSE),"00 Falta Info") -> 0 | B31: =IFERROR(VLOOKUP(RepVariacion[[#This Row],[Nombre Artículo]],Productos[],3,FALSE),"00 Falta Info") -> Lacteos | C31: =IFERROR(VLOOKUP(RepVariacion[[#This Row],[Nombre Artículo]],Productos[],2,FALSE),"00 Falta Info") -> Quesos | D31: =RepVariacion[[#This Row],[Fecha]]-RepVariacion[[#This Row],[Fecha Inicial]]+1 -> 7 | E31: 46018 | F31: 46024 | G31: Queso de Cabra | H31: 1.8 | I31: 5.9 | J31: 7.3 | K31: 0.4 | L31: 0.7 | M31: 0.3 | O31: 0.746 | P31: 5427.24 | S31: 0.067 | T31: 0.116 | U31: 109268.44 | V31: 132722.34 | W31: 107630 | X31: 7280.95 | Y31: 12705.91
A32: =IFERROR(VLOOKUP(RepVariacion[[#This Row],[Nombre Artículo]],Productos[],4,FALSE),"00 Falta Info") -> 0 | B32: =IFERROR(VLOOKUP(RepVariacion[[#This Row],[Nombre Artículo]],Productos[],3,FALSE),"00 Falta Info") -> Abarrotes | C32: =IFERROR(VLOOKUP(RepVariacion[[#This Row],[Nombre Artículo]],Productos[],2,FALSE),"00 Falta Info") -> Chocolate | D32: =RepVariacion[[#This Row],[Fecha]]-RepVariacion[[#This Row],[Fecha Inicial]]+1 -> 7 | E32: 46018 | F32: 46024 | G32: Belcolade Bitter | H32: 19.3 | J32: 20.6 | K32: -1.3 | L32: 0.1 | M32: 1.4 | O32: 1.08
A33: =IFERROR(VLOOKUP(RepVariacion[[#This Row],[Nombre Artículo]],Productos[],4,FALSE),"00 Falta Info") -> 0 | B33: =IFERROR(VLOOKUP(RepVariacion[[#This Row],[Nombre Artículo]],Productos[],3,FALSE),"00 Falta Info") -> Abarrotes | C33: =IFERROR(VLOOKUP(RepVariacion[[#This Row],[Nombre Artículo]],Productos[],2,FALSE),"00 Falta Info") -> Chocolate | D33: =RepVariacion[[#This Row],[Fecha]]-RepVariacion[[#This Row],[Fecha Inicial]]+1 -> 7 | E33: 46018 | F33: 46024 | G33: Belcolade Blanco | H33: 8.5 | J33: 8.3 | K33: 0.3 | M33: -0.3 | O33: -1 | P33: -2765.83 | Q33: 0.126 | R33: 348.54 | V33: 81653.38 | X33: 2765.83
A34: =IFERROR(VLOOKUP(RepVariacion[[#This Row],[Nombre Artículo]],Productos[],4,FALSE),"00 Falta Info") -> 0 | B34: =IFERROR(VLOOKUP(RepVariacion[[#This Row],[Nombre Artículo]],Productos[],3,FALSE),"00 Falta Info") -> Abarrotes | C34: =IFERROR(VLOOKUP(RepVariacion[[#This Row],[Nombre Artículo]],Productos[],2,FALSE),"00 Falta Info") -> Chocolate | D34: =RepVariacion[[#This Row],[Fecha]]-RepVariacion[[#This Row],[Fecha Inicial]]+1 -> 7 | E34: 46018 | F34: 46024 | G34: Belcolade De Leche | H34: 10.3 | J34: 9.7 | K34: 0.6 | M34: -0.6 | O34: -1 | Q34: 0.015
A35: =IFERROR(VLOOKUP(RepVariacion[[#This Row],[Nombre Artículo]],Productos[],4,FALSE),"00 Falta Info") -> 0 | B35: =IFERROR(VLOOKUP(RepVariacion[[#This Row],[Nombre Artículo]],Productos[],3,FALSE),"00 Falta Info") -> Abarrotes | C35: =IFERROR(VLOOKUP(RepVariacion[[#This Row],[Nombre Artículo]],Productos[],2,FALSE),"00 Falta Info") -> Aceite | D35: =RepVariacion[[#This Row],[Fecha]]-RepVariacion[[#This Row],[Fecha Inicial]]+1 -> 7 | E35: 46018 | F35: 46024 | G35: Aceite Vegetal 900ml | H35: 26 | I35: 12 | J35: 19 | K35: 19 | M35: -19 | O35: -1 | P35: -30335.65 | V35: 30335.65 | W35: 19164 | X35: 30323.01
A36: =IFERROR(VLOOKUP(RepVariacion[[#This Row],[Nombre Artículo]],Productos[],4,FALSE),"00 Falta Info") -> 0 | B36: =IFERROR(VLOOKUP(RepVariacion[[#This Row],[Nombre Artículo]],Productos[],3,FALSE),"00 Falta Info") -> Verduras | C36: =IFERROR(VLOOKUP(RepVariacion[[#This Row],[Nombre Artículo]],Productos[],2,FALSE),"00 Falta Info") -> Champiñon | D36: =RepVariacion[[#This Row],[Fecha]]-RepVariacion[[#This Row],[Fecha Inicial]]+1 -> 7 | E36: 46018 | F36: 46024 | G36: ChampiÃ±on Ostra | H36: 2.7 | I36: 1.6 | J36: 0.8 | K36: 3.5 | L36: 3.3 | M36: -0.2 | O36: -0.066 | P36: -3849.35 | S36: 0.1 | T36: 0.084 | U36: 646221.38 | V36: 13109.5 | W36: 26720 | X36: 64445 | Y36: 54442
A37: =IFERROR(VLOOKUP(RepVariacion[[#This Row],[Nombre Artículo]],Productos[],4,FALSE),"00 Falta Info") -> 0 | B37: =IFERROR(VLOOKUP(RepVariacion[[#This Row],[Nombre Artículo]],Productos[],3,FALSE),"00 Falta Info") -> Verduras | C37: =IFERROR(VLOOKUP(RepVariacion[[#This Row],[Nombre Artículo]],Productos[],2,FALSE),"00 Falta Info") -> Champiñon | D37: =RepVariacion[[#This Row],[Fecha]]-RepVariacion[[#This Row],[Fecha Inicial]]+1 -> 7 | E37: 46018 | F37: 46024 | G37: ChampiÃ±on Portobello | H37: 1 | I37: 5 | J37: 3.1 | K37: 3 | L37: 3.1 | M37: 0.1 | O37: 0.045 | P37: 1722.5 | S37: 0.079 | T37: 0.082 | U37: 490177.42 | V37: 39936 | W37: 65000 | X37: 38577.5 | Y37: 40300
A38: =IFERROR(VLOOKUP(RepVariacion[[#This Row],[Nombre Artículo]],Productos[],4,FALSE),"00 Falta Info") -> 0 | B38: =IFERROR(VLOOKUP(RepVariacion[[#This Row],[Nombre Artículo]],Productos[],3,FALSE),"00 Falta Info") -> Verduras | C38: =IFERROR(VLOOKUP(RepVariacion[[#This Row],[Nombre Artículo]],Productos[],2,FALSE),"00 Falta Info") -> Palta | D38: =RepVariacion[[#This Row],[Fecha]]-RepVariacion[[#This Row],[Fecha Inicial]]+1 -> 7 | E38: 46018 | F38: 46024 | G38: Palta Hass | H38: 12.5 | I38: 15 | J38: 11 | K38: 16.5 | L38: 13.2 | M38: -3.3 | N38: 3.2 | O38: -0.199 | P38: -14738.61 | Q38: 0.192 | R38: 14274.59 | S38: 0.241 | T38: 0.193 | U38: 307575.28 | V38: 49451.09 | W38: 67500 | X38: 74197.63 | Y38: 59459.01
A39: =IFERROR(VLOOKUP(RepVariacion[[#This Row],[Nombre Artículo]],Productos[],4,FALSE),"00 Falta Info") -> 0 | B39: =IFERROR(VLOOKUP(RepVariacion[[#This Row],[Nombre Artículo]],Productos[],3,FALSE),"00 Falta Info") -> Postres | C39: =IFERROR(VLOOKUP(RepVariacion[[#This Row],[Nombre Artículo]],Productos[],2,FALSE),"00 Falta Info") -> Tortas | D39: =RepVariacion[[#This Row],[Fecha]]-RepVariacion[[#This Row],[Fecha Inicial]]+1 -> 7 | E39: 46018 | F39: 46024 | G39: Cheesecake clasico | H39: 18 | I39: 16 | J39: 27 | K39: 7 | L39: 6 | M39: -1 | N39: 1 | O39: -0.143 | P39: -1100 | Q39: 0.143 | R39: 1100 | S39: 0.576 | T39: 0.494 | U39: 13367.45 | V39: 29700 | W39: 17600 | X39: 7700 | Y39: 6600
A40: =IFERROR(VLOOKUP(RepVariacion[[#This Row],[Nombre Artículo]],Productos[],4,FALSE),"00 Falta Info") -> 0 | B40: =IFERROR(VLOOKUP(RepVariacion[[#This Row],[Nombre Artículo]],Productos[],3,FALSE),"00 Falta Info") -> Postres | C40: =IFERROR(VLOOKUP(RepVariacion[[#This Row],[Nombre Artículo]],Productos[],2,FALSE),"00 Falta Info") -> Tortas | D40: =RepVariacion[[#This Row],[Fecha]]-RepVariacion[[#This Row],[Fecha Inicial]]+1 -> 7 | E40: 46018 | F40: 46024 | G40: Galleta new york | H40: 59 | J40: 55 | K40: 4 | L40: 3 | M40: -1 | N40: 1 | O40: -0.25 | P40: -847 | Q40: 0.25 | R40: 847 | S40: 0.328 | T40: 0.246 | U40: 10336 | V40: 46585 | X40: 3388 | Y40: 2541
A41: =IFERROR(VLOOKUP(RepVariacion[[#This Row],[Nombre Artículo]],Productos[],4,FALSE),"00 Falta Info") -> 0 | B41: =IFERROR(VLOOKUP(RepVariacion[[#This Row],[Nombre Artículo]],Productos[],3,FALSE),"00 Falta Info") -> Postres | C41: =IFERROR(VLOOKUP(RepVariacion[[#This Row],[Nombre Artículo]],Productos[],2,FALSE),"00 Falta Info") -> Tortas | D41: =RepVariacion[[#This Row],[Fecha]]-RepVariacion[[#This Row],[Fecha Inicial]]+1 -> 7 | E41: 46018 | F41: 46024 | G41: Mini Brownie | I41: 131 | J41: 131
A42: =IFERROR(VLOOKUP(RepVariacion[[#This Row],[Nombre Artículo]],Productos[],4,FALSE),"00 Falta Info") -> 0 | B42: =IFERROR(VLOOKUP(RepVariacion[[#This Row],[Nombre Artículo]],Productos[],3,FALSE),"00 Falta Info") -> Postres | C42: =IFERROR(VLOOKUP(RepVariacion[[#This Row],[Nombre Artículo]],Productos[],2,FALSE),"00 Falta Info") -> Tortas | D42: =RepVariacion[[#This Row],[Fecha]]-RepVariacion[[#This Row],[Fecha Inicial]]+1 -> 7 | E42: 46018 | F42: 46024 | G42: Mini Galleta New York | H42: 14 | J42: 14 | V42: 4452
A43: =IFERROR(VLOOKUP(RepVariacion[[#This Row],[Nombre Artículo]],Productos[],4,FALSE),"00 Falta Info") -> 0 | B43: =IFERROR(VLOOKUP(RepVariacion[[#This Row],[Nombre Artículo]],Productos[],3,FALSE),"00 Falta Info") -> Postres | C43: =IFERROR(VLOOKUP(RepVariacion[[#This Row],[Nombre Artículo]],Productos[],2,FALSE),"00 Falta Info") -> Tortas | D43: =RepVariacion[[#This Row],[Fecha]]-RepVariacion[[#This Row],[Fecha Inicial]]+1 -> 7 | E43: 46018 | F43: 46024 | G43: Mousse manjar y chocolate | H43: 23 | J43: 15 | K43: 8 | L43: 8 | S43: 0.244 | T43: 0.244 | U43: 39279.5 | V43: 18000 | X43: 9600 | Y43: 9600
A44: =IFERROR(VLOOKUP(RepVariacion[[#This Row],[Nombre Artículo]],Productos[],4,FALSE),"00 Falta Info") -> 0 | B44: =IFERROR(VLOOKUP(RepVariacion[[#This Row],[Nombre Artículo]],Productos[],3,FALSE),"00 Falta Info") -> Postres | C44: =IFERROR(VLOOKUP(RepVariacion[[#This Row],[Nombre Artículo]],Productos[],2,FALSE),"00 Falta Info") -> Tortas | D44: =RepVariacion[[#This Row],[Fecha]]-RepVariacion[[#This Row],[Fecha Inicial]]+1 -> 7 | E44: 46018 | F44: 46024 | G44: Pavlova | H44: 19 | J44: 17 | K44: 2 | L44: 1 | M44: -1 | N44: 1 | O44: -0.5 | P44: -1000 | Q44: 0.5 | R44: 1000 | S44: 0.486 | T44: 0.243 | U44: 4118 | V44: 17000 | X44: 2000 | Y44: 1000
A45: =IFERROR(VLOOKUP(RepVariacion[[#This Row],[Nombre Artículo]],Productos[],4,FALSE),"00 Falta Info") -> 0 | B45: =IFERROR(VLOOKUP(RepVariacion[[#This Row],[Nombre Artículo]],Productos[],3,FALSE),"00 Falta Info") -> Postres | C45: =IFERROR(VLOOKUP(RepVariacion[[#This Row],[Nombre Artículo]],Productos[],2,FALSE),"00 Falta Info") -> Tortas | D45: =RepVariacion[[#This Row],[Fecha]]-RepVariacion[[#This Row],[Fecha Inicial]]+1 -> 7 | E45: 46018 | F45: 46024 | G45: Tartaleta de mango maracuya | H45: 16 | I45: 12 | J45: 17 | K45: 11 | L45: 7 | M45: -4 | N45: 4 | O45: -0.364 | P45: -5200 | Q45: 0.364 | R45: 5200 | S45: 0.352 | T45: 0.224 | U45: 40587.98 | V45: 22100 | W45: 15600 | X45: 14300 | Y45: 9100
A46: =IFERROR(VLOOKUP(RepVariacion[[#This Row],[Nombre Artículo]],Productos[],4,FALSE),"00 Falta Info") -> 0 | B46: =IFERROR(VLOOKUP(RepVariacion[[#This Row],[Nombre Artículo]],Productos[],3,FALSE),"00 Falta Info") -> Colación | C46: =IFERROR(VLOOKUP(RepVariacion[[#This Row],[Nombre Artículo]],Productos[],2,FALSE),"00 Falta Info") -> Colacion | D46: =RepVariacion[[#This Row],[Fecha]]-RepVariacion[[#This Row],[Fecha Inicial]]+1 -> 7 | E46: 46018 | F46: 46024 | G46: Carne Molida ColaciÃ³n | H46: 10.2 | J46: 4.1 | K46: 6.2 | M46: -6.2 | O46: -1 | P46: -32130.8 | V46: 21169.2 | X46: 32130.8
A47: =IFERROR(VLOOKUP(RepVariacion[[#This Row],[Nombre Artículo]],Productos[],4,FALSE),"00 Falta Info") -> 0 | B47: =IFERROR(VLOOKUP(RepVariacion[[#This Row],[Nombre Artículo]],Productos[],3,FALSE),"00 Falta Info") -> Colación | C47: =IFERROR(VLOOKUP(RepVariacion[[#This Row],[Nombre Artículo]],Productos[],2,FALSE),"00 Falta Info") -> Colacion | D47: =RepVariacion[[#This Row],[Fecha]]-RepVariacion[[#This Row],[Fecha Inicial]]+1 -> 7 | E47: 46018 | F47: 46024 | G47: Huachalomo Colacion | H47: 23.4 | I47: 21.6 | J47: 21.6 | K47: 23.4 | M47: -23.4 | O47: -1 | P47: -163565.99 | V47: 150634.5 | W47: 150634 | X47: 163566
A48: =IFERROR(VLOOKUP(RepVariacion[[#This Row],[Nombre Artículo]],Productos[],4,FALSE),"00 Falta Info") -> 0 | B48: =IFERROR(VLOOKUP(RepVariacion[[#This Row],[Nombre Artículo]],Productos[],3,FALSE),"00 Falta Info") -> Colación | C48: =IFERROR(VLOOKUP(RepVariacion[[#This Row],[Nombre Artículo]],Productos[],2,FALSE),"00 Falta Info") -> Colacion | D48: =RepVariacion[[#This Row],[Fecha]]-RepVariacion[[#This Row],[Fecha Inicial]]+1 -> 7 | E48: 46018 | F48: 46024 | G48: Pulpa de Cerdo ColaciÃ³n | H48: 7.3 | I48: 17.9 | J48: 25.2 | V48: 100356.48 | W48: 71229.5
A49: =IFERROR(VLOOKUP(RepVariacion[[#This Row],[Nombre Artículo]],Productos[],4,FALSE),"00 Falta Info") -> 0 | B49: =IFERROR(VLOOKUP(RepVariacion[[#This Row],[Nombre Artículo]],Productos[],3,FALSE),"00 Falta Info") -> Colación | C49: =IFERROR(VLOOKUP(RepVariacion[[#This Row],[Nombre Artículo]],Productos[],2,FALSE),"00 Falta Info") -> Colacion | D49: =RepVariacion[[#This Row],[Fecha]]-RepVariacion[[#This Row],[Fecha Inicial]]+1 -> 7 | E49: 46018 | F49: 46024 | G49: Truto Colacion | H49: 22.9 | I49: 20.8 | K49: 43.8 | M49: -43.8 | O49: -1 | P49: -120243.31 | W49: 53975.6 | X49: 120243.3
A50: =IFERROR(VLOOKUP(RepVariacion[[#This Row],[Nombre Artículo]],Productos[],4,FALSE),"00 Falta Info") -> 0 | B50: =IFERROR(VLOOKUP(RepVariacion[[#This Row],[Nombre Artículo]],Productos[],3,FALSE),"00 Falta Info") -> Aves | C50: =IFERROR(VLOOKUP(RepVariacion[[#This Row],[Nombre Artículo]],Productos[],2,FALSE),"00 Falta Info") -> Pollo | D50: =RepVariacion[[#This Row],[Fecha]]-RepVariacion[[#This Row],[Fecha Inicial]]+1 -> 5 | E50: 46025 | F50: 46029 | G50: Pechuga Deshuesada | H50: 17.6 | I50: 15 | J50: 32.2 | K50: 0.4 | L50: 6.1 | M50: 5.7 | O50: 14.063 | P50: 25827.26 | S50: 0.009 | T50: 0.118 | U50: 233804.75 | V50: 145965.13 | W50: 55350 | X50: 2134.73 | Y50: 27663.83
A51: =IFERROR(VLOOKUP(RepVariacion[[#This Row],[Nombre Artículo]],Productos[],4,FALSE),"00 Falta Info") -> 0 | B51: =IFERROR(VLOOKUP(RepVariacion[[#This Row],[Nombre Artículo]],Productos[],3,FALSE),"00 Falta Info") -> Carnes | C51: =IFERROR(VLOOKUP(RepVariacion[[#This Row],[Nombre Artículo]],Productos[],2,FALSE),"00 Falta Info") -> Vacuno | D51: =RepVariacion[[#This Row],[Fecha]]-RepVariacion[[#This Row],[Fecha Inicial]]+1 -> 5 | E51: 46025 | F51: 46029 | G51: Asado de Tira | H51: 15.6 | J51: 15.6 | V51: 249444
A52: =IFERROR(VLOOKUP(RepVariacion[[#This Row],[Nombre Artículo]],Productos[],4,FALSE),"00 Falta Info") -> 0 | B52: =IFERROR(VLOOKUP(RepVariacion[[#This Row],[Nombre Artículo]],Productos[],3,FALSE),"00 Falta Info") -> Carnes | C52: =IFERROR(VLOOKUP(RepVariacion[[#This Row],[Nombre Artículo]],Productos[],2,FALSE),"00 Falta Info") -> Vacuno | D52: =RepVariacion[[#This Row],[Fecha]]-RepVariacion[[#This Row],[Fecha Inicial]]+1 -> 5 | E52: 46025 | F52: 46029 | G52: EntraÃ±a | H52: 16.4 | I52: 8 | J52: 9.6 | K52: 14.7 | L52: 13.8 | M52: -0.9 | N52: 0.2 | O52: -0.063 | P52: -34603.12 | Q52: 0.017 | R52: 9352.2 | S52: 0.357 | T52: 0.36 | U52: 1433312 | V52: 360246.58 | W52: 303600 | X52: 511730.97 | Y52: 516241.2
A53: =IFERROR(VLOOKUP(RepVariacion[[#This Row],[Nombre Artículo]],Productos[],4,FALSE),"00 Falta Info") -> 0 | B53: =IFERROR(VLOOKUP(RepVariacion[[#This Row],[Nombre Artículo]],Productos[],3,FALSE),"00 Falta Info") -> Carnes | C53: =IFERROR(VLOOKUP(RepVariacion[[#This Row],[Nombre Artículo]],Productos[],2,FALSE),"00 Falta Info") -> Vacuno | D53: =RepVariacion[[#This Row],[Fecha]]-RepVariacion[[#This Row],[Fecha Inicial]]+1 -> 5 | E53: 46025 | F53: 46029 | G53: Filete | H53: 50.9 | I53: 22.5 | J53: 54.3 | K53: 19.2 | L53: 12.8 | M53: -6.4 | N53: 8.1 | O53: -0.332 | P53: -88598.6 | Q53: 0.421 | R53: 112501.6 | S53: 0.401 | T53: 0.269 | U53: 664087.55 | V53: 756838.12 | W53: 315335 | X53: 266582.52 | Y53: 178575.19
A54: =IFERROR(VLOOKUP(RepVariacion[[#This Row],[Nombre Artículo]],Productos[],4,FALSE),"00 Falta Info") -> 0 | B54: =IFERROR(VLOOKUP(RepVariacion[[#This Row],[Nombre Artículo]],Productos[],3,FALSE),"00 Falta Info") -> Carnes | C54: =IFERROR(VLOOKUP(RepVariacion[[#This Row],[Nombre Artículo]],Productos[],2,FALSE),"00 Falta Info") -> Vacuno | D54: =RepVariacion[[#This Row],[Fecha]]-RepVariacion[[#This Row],[Fecha Inicial]]+1 -> 5 | E54: 46025 | F54: 46029 | G54: Filete Medallon | H54: 38.3 | J54: 33.5 | K54: 4.9 | L54: 3.2 | M54: -1.6 | O54: -0.333 | P54: -31726.19 | S54: 0.409 | T54: 0.272 | U54: 232848.99 | V54: 652913.84 | X54: 95134.83 | Y54: 63408.64
A55: =IFERROR(VLOOKUP(RepVariacion[[#This Row],[Nombre Artículo]],Productos[],4,FALSE),"00 Falta Info") -> 0 | B55: =IFERROR(VLOOKUP(RepVariacion[[#This Row],[Nombre Artículo]],Productos[],3,FALSE),"00 Falta Info") -> Carnes | C55: =IFERROR(VLOOKUP(RepVariacion[[#This Row],[Nombre Artículo]],Productos[],2,FALSE),"00 Falta Info") -> Vacuno | D55: =RepVariacion[[#This Row],[Fecha]]-RepVariacion[[#This Row],[Fecha Inicial]]+1 -> 5 | E55: 46025 | F55: 46029 | G55: Mechada EntraÃ±a | H55: 20.2 | J55: 20.2 | O55: -1 | P55: -410 | V55: 165640 | X55: 410
A56: =IFERROR(VLOOKUP(RepVariacion[[#This Row],[Nombre Artículo]],Productos[],4,FALSE),"00 Falta Info") -> 0 | B56: =IFERROR(VLOOKUP(RepVariacion[[#This Row],[Nombre Artículo]],Productos[],3,FALSE),"00 Falta Info") -> Carnes | C56: =IFERROR(VLOOKUP(RepVariacion[[#This Row],[Nombre Artículo]],Productos[],2,FALSE),"00 Falta Info") -> Vacuno | D56: =RepVariacion[[#This Row],[Fecha]]-RepVariacion[[#This Row],[Fecha Inicial]]+1 -> 5 | E56: 46025 | F56: 46029 | G56: Plateada | H56: 9.4 | J56: 5.8 | K56: 3.6 | L56: 3.8 | M56: 0.2 | N56: 0.1 | O56: 0.067 | P56: 2875.83 | Q56: 0.034 | R56: 1467.26 | S56: 0.272 | T56: 0.291 | U56: 156543.6 | V56: 69743.65 | X56: 42609.16 | Y56: 45484.99
A57: =IFERROR(VLOOKUP(RepVariacion[[#This Row],[Nombre Artículo]],Productos[],4,FALSE),"00 Falta Info") -> 0 | B57: =IFERROR(VLOOKUP(RepVariacion[[#This Row],[Nombre Artículo]],Productos[],3,FALSE),"00 Falta Info") -> Carnes | C57: =IFERROR(VLOOKUP(RepVariacion[[#This Row],[Nombre Artículo]],Productos[],2,FALSE),"00 Falta Info") -> Vacuno | D57: =RepVariacion[[#This Row],[Fecha]]-RepVariacion[[#This Row],[Fecha Inicial]]+1 -> 5 | E57: 46025 | F57: 46029 | G57: Plateada al jugo 200 gr | H57: 32.55 | J57: 32.2 | K57: 0.34 | L57: 1.2 | M57: 0.86 | O57: 2.519 | P57: 12885 | S57: 0.056 | T57: 0.195 | U57: 92118 | V57: 483075 | X57: 5115 | Y57: 18000
A58: =IFERROR(VLOOKUP(RepVariacion[[#This Row],[Nombre Artículo]],Productos[],4,FALSE),"00 Falta Info") -> 0 | B58: =IFERROR(VLOOKUP(RepVariacion[[#This Row],[Nombre Artículo]],Productos[],3,FALSE),"00 Falta Info") -> Pescado | C58: =IFERROR(VLOOKUP(RepVariacion[[#This Row],[Nombre Artículo]],Productos[],2,FALSE),"00 Falta Info") -> Pescado | D58: =RepVariacion[[#This Row],[Fecha]]-RepVariacion[[#This Row],[Fecha Inicial]]+1 -> 5 | E58: 46025 | F58: 46029 | G58: Atun Steak | H58: 26.3 | I58: 15 | J58: 18.3 | K58: 23 | L58: 23.7 | M58: 0.7 | O58: 0.03 | P58: 6680.77 | S58: 0.221 | T58: 0.228 | U58: 994288.61 | V58: 174701.34 | W58: 143250 | X58: 219654.11 | Y58: 226335
A59: =IFERROR(VLOOKUP(RepVariacion[[#This Row],[Nombre Artículo]],Productos[],4,FALSE),"00 Falta Info") -> 0 | B59: =IFERROR(VLOOKUP(RepVariacion[[#This Row],[Nombre Artículo]],Productos[],3,FALSE),"00 Falta Info") -> Pescado | C59: =IFERROR(VLOOKUP(RepVariacion[[#This Row],[Nombre Artículo]],Productos[],2,FALSE),"00 Falta Info") -> Pescado | D59: =RepVariacion[[#This Row],[Fecha]]-RepVariacion[[#This Row],[Fecha Inicial]]+1 -> 5 | E59: 46025 | F59: 46029 | G59: Corvina | H59: 39.4 | I59: 27 | J59: 26.1 | K59: 40.3 | L59: 43 | M59: 2.7 | N59: 2.3 | O59: 0.067 | P59: 21525.06 | Q59: 0.056 | R59: 18137.3 | S59: 0.522 | T59: 0.557 | U59: 617242.99 | V59: 208698.79 | W59: 216130 | X59: 322364.54 | Y59: 343889.59
A60: =IFERROR(VLOOKUP(RepVariacion[[#This Row],[Nombre Artículo]],Productos[],4,FALSE),"00 Falta Info") -> 0 | B60: =IFERROR(VLOOKUP(RepVariacion[[#This Row],[Nombre Artículo]],Productos[],3,FALSE),"00 Falta Info") -> Pescado | C60: =IFERROR(VLOOKUP(RepVariacion[[#This Row],[Nombre Artículo]],Productos[],2,FALSE),"00 Falta Info") -> Pescado | D60: =RepVariacion[[#This Row],[Fecha]]-RepVariacion[[#This Row],[Fecha Inicial]]+1 -> 5 | E60: 46025 | F60: 46029 | G60: Salmon | H60: 19.1 | I60: 19.1 | J60: 33.5 | K60: 4.7 | L60: 5.1 | M60: 0.4 | N60: 1.8 | O60: 0.085 | P60: 4414.35 | Q60: 0.382 | R60: 19804.01 | S60: 0.175 | T60: 0.212 | U60: 265445 | V60: 373048.96 | W60: 229560 | X60: 46402.99 | Y60: 56233.62
A61: =IFERROR(VLOOKUP(RepVariacion[[#This Row],[Nombre Artículo]],Productos[],4,FALSE),"00 Falta Info") -> 0 | B61: =IFERROR(VLOOKUP(RepVariacion[[#This Row],[Nombre Artículo]],Productos[],3,FALSE),"00 Falta Info") -> Mariscos | C61: =IFERROR(VLOOKUP(RepVariacion[[#This Row],[Nombre Artículo]],Productos[],2,FALSE),"00 Falta Info") -> Mariscos | D61: =RepVariacion[[#This Row],[Fecha]]-RepVariacion[[#This Row],[Fecha Inicial]]+1 -> 5 | E61: 46025 | F61: 46029 | G61: Almejas | H61: 9.9 | I61: 15 | J61: 27.6 | K61: -2.7 | L61: 2.4 | M61: 5.1 | O61: 1.878 | P61: 15728.5 | S61: -0.513 | T61: 0.454 | U61: 16212.72 | V61: 84711.14 | W61: 46230 | X61: -8316.72 | Y61: 7354.06
A62: =IFERROR(VLOOKUP(RepVariacion[[#This Row],[Nombre Artículo]],Productos[],4,FALSE),"00 Falta Info") -> 0 | B62: =IFERROR(VLOOKUP(RepVariacion[[#This Row],[Nombre Artículo]],Productos[],3,FALSE),"00 Falta Info") -> Mariscos | C62: =IFERROR(VLOOKUP(RepVariacion[[#This Row],[Nombre Artículo]],Productos[],2,FALSE),"00 Falta Info") -> Mariscos | D62: =RepVariacion[[#This Row],[Fecha]]-RepVariacion[[#This Row],[Fecha Inicial]]+1 -> 5 | E62: 46025 | F62: 46029 | G62: Camaron 36/40 Sin cascara | H62: 16.6 | J62: 14.8 | K62: 1.8 | L62: 3.2 | M62: 1.5 | O62: 0.822 | P62: 11040.47 | S62: 0.096 | T62: 0.175 | U62: 140000 | V62: 112152.47 | X62: 13429.16 | Y62: 24469.63
A63: =IFERROR(VLOOKUP(RepVariacion[[#This Row],[Nombre Artículo]],Productos[],4,FALSE),"00 Falta Info") -> 0 | B63: =IFERROR(VLOOKUP(RepVariacion[[#This Row],[Nombre Artículo]],Productos[],3,FALSE),"00 Falta Info") -> Mariscos | C63: =IFERROR(VLOOKUP(RepVariacion[[#This Row],[Nombre Artículo]],Productos[],2,FALSE),"00 Falta Info") -> Mariscos | D63: =RepVariacion[[#This Row],[Fecha]]-RepVariacion[[#This Row],[Fecha Inicial]]+1 -> 5 | E63: 46025 | F63: 46029 | G63: Langostino | H63: 24.4 | J63: 21.8 | K63: 2.6 | L63: 0.3 | M63: -2.2 | N63: 2 | O63: -0.874 | P63: -28213.9 | Q63: 0.768 | R63: 24800.23 | S63: 2.147 | T63: 0.272 | U63: 15042 | V63: 273677.85 | X63: 32298.65 | Y63: 4084.74
A64: =IFERROR(VLOOKUP(RepVariacion[[#This Row],[Nombre Artículo]],Productos[],4,FALSE),"00 Falta Info") -> 0 | B64: =IFERROR(VLOOKUP(RepVariacion[[#This Row],[Nombre Artículo]],Productos[],3,FALSE),"00 Falta Info") -> Mariscos | C64: =IFERROR(VLOOKUP(RepVariacion[[#This Row],[Nombre Artículo]],Productos[],2,FALSE),"00 Falta Info") -> Mariscos | D64: =RepVariacion[[#This Row],[Fecha]]-RepVariacion[[#This Row],[Fecha Inicial]]+1 -> 5 | E64: 46025 | F64: 46029 | G64: Locos | H64: 35.19 | J64: 29.73 | K64: 5.46 | L64: 5.44 | M64: -0.02 | O64: -0.004 | P64: -456.97 | S64: 0.41 | T64: 0.408 | U64: 312562.05 | V64: 697404.21 | X64: 128012.29 | Y64: 127555.32
A65: =IFERROR(VLOOKUP(RepVariacion[[#This Row],[Nombre Artículo]],Productos[],4,FALSE),"00 Falta Info") -> 0 | B65: =IFERROR(VLOOKUP(RepVariacion[[#This Row],[Nombre Artículo]],Productos[],3,FALSE),"00 Falta Info") -> Mariscos | C65: =IFERROR(VLOOKUP(RepVariacion[[#This Row],[Nombre Artículo]],Productos[],2,FALSE),"00 Falta Info") -> Mariscos | D65: =RepVariacion[[#This Row],[Fecha]]-RepVariacion[[#This Row],[Fecha Inicial]]+1 -> 5 | E65: 46025 | F65: 46029 | G65: Ostion | H65: 21.7 | J65: 21.4 | K65: 0.3 | L65: 0.8 | M65: 0.5 | O65: 1.88 | P65: 8389.01 | S65: 0.174 | T65: 0.501 | U65: 25674.92 | V65: 326957.51 | X65: 4461.89 | Y65: 12850.9
A66: =IFERROR(VLOOKUP(RepVariacion[[#This Row],[Nombre Artículo]],Productos[],4,FALSE),"00 Falta Info") -> 0 | B66: =IFERROR(VLOOKUP(RepVariacion[[#This Row],[Nombre Artículo]],Productos[],3,FALSE),"00 Falta Info") -> Mariscos | C66: =IFERROR(VLOOKUP(RepVariacion[[#This Row],[Nombre Artículo]],Productos[],2,FALSE),"00 Falta Info") -> Mariscos | D66: =RepVariacion[[#This Row],[Fecha]]-RepVariacion[[#This Row],[Fecha Inicial]]+1 -> 5 | E66: 46025 | F66: 46029 | G66: Ostion sin concha | H66: 3 | J66: 2 | K66: 1 | L66: 1 | V66: 29800 | X66: 14900 | Y66: 14900
A67: =IFERROR(VLOOKUP(RepVariacion[[#This Row],[Nombre Artículo]],Productos[],4,FALSE),"00 Falta Info") -> 0 | B67: =IFERROR(VLOOKUP(RepVariacion[[#This Row],[Nombre Artículo]],Productos[],3,FALSE),"00 Falta Info") -> Mariscos | C67: =IFERROR(VLOOKUP(RepVariacion[[#This Row],[Nombre Artículo]],Productos[],2,FALSE),"00 Falta Info") -> Mariscos | D67: =RepVariacion[[#This Row],[Fecha]]-RepVariacion[[#This Row],[Fecha Inicial]]+1 -> 5 | E67: 46025 | F67: 46029 | G67: Ostras | H67: 5.8 | J67: 0.6 | K67: 5.3 | L67: 3.6 | M67: -1.7 | O67: -0.317 | P67: -24157.81 | S67: 0.676 | T67: 0.462 | U67: 112822.91 | V67: 8117.65 | X67: 76275.78 | Y67: 52117.98
A68: =IFERROR(VLOOKUP(RepVariacion[[#This Row],[Nombre Artículo]],Productos[],4,FALSE),"00 Falta Info") -> 0 | B68: =IFERROR(VLOOKUP(RepVariacion[[#This Row],[Nombre Artículo]],Productos[],3,FALSE),"00 Falta Info") -> Mariscos | C68: =IFERROR(VLOOKUP(RepVariacion[[#This Row],[Nombre Artículo]],Productos[],2,FALSE),"00 Falta Info") -> Mariscos | D68: =RepVariacion[[#This Row],[Fecha]]-RepVariacion[[#This Row],[Fecha Inicial]]+1 -> 5 | E68: 46025 | F68: 46029 | G68: Pulpo | H68: 5.8 | J68: 5.3 | K68: 0.6 | L68: 1.5 | M68: 0.9 | O68: 1.723 | P68: 8779.13 | S68: 0.157 | T68: 0.429 | U68: 32363.45 | V68: 48819.94 | X68: 5095.92 | Y68: 13875.05
A69: =IFERROR(VLOOKUP(RepVariacion[[#This Row],[Nombre Artículo]],Productos[],4,FALSE),"00 Falta Info") -> 0 | B69: =IFERROR(VLOOKUP(RepVariacion[[#This Row],[Nombre Artículo]],Productos[],3,FALSE),"00 Falta Info") -> Embutidos | C69: =IFERROR(VLOOKUP(RepVariacion[[#This Row],[Nombre Artículo]],Productos[],2,FALSE),"00 Falta Info") -> Embutidos | D69: =RepVariacion[[#This Row],[Fecha]]-RepVariacion[[#This Row],[Fecha Inicial]]+1 -> 5 | E69: 46025 | F69: 46029 | G69: Jamon Serrano | H69: 6.6 | I69: 6 | J69: 10.9 | K69: 1.7 | L69: 2.6 | M69: 0.9 | O69: 0.528 | P69: 20291.34 | S69: 0.244 | T69: 0.373 | U69: 157446.66 | V69: 250022.4 | W69: 137880 | X69: 38422.56 | Y69: 58713.9
A70: =IFERROR(VLOOKUP(RepVariacion[[#This Row],[Nombre Artículo]],Productos[],4,FALSE),"00 Falta Info") -> 0 | B70: =IFERROR(VLOOKUP(RepVariacion[[#This Row],[Nombre Artículo]],Productos[],3,FALSE),"00 Falta Info") -> Embutidos | C70: =IFERROR(VLOOKUP(RepVariacion[[#This Row],[Nombre Artículo]],Productos[],2,FALSE),"00 Falta Info") -> Embutidos | D70: =RepVariacion[[#This Row],[Fecha]]-RepVariacion[[#This Row],[Fecha Inicial]]+1 -> 5 | E70: 46025 | F70: 46029 | G70: Pepperoni | H70: 5.8 | J70: 5.4 | K70: 0.4 | L70: 0.2 | M70: -0.1 | O70: -0.383 | P70: -1547.7 | S70: 0.22 | T70: 0.136 | U70: 18370.24 | V70: 55831.64 | X70: 4040.65 | Y70: 2492.95
A71: =IFERROR(VLOOKUP(RepVariacion[[#This Row],[Nombre Artículo]],Productos[],4,FALSE),"00 Falta Info") -> 0 | B71: =IFERROR(VLOOKUP(RepVariacion[[#This Row],[Nombre Artículo]],Productos[],3,FALSE),"00 Falta Info") -> Lacteos | C71: =IFERROR(VLOOKUP(RepVariacion[[#This Row],[Nombre Artículo]],Productos[],2,FALSE),"00 Falta Info") -> Quesos | D71: =RepVariacion[[#This Row],[Fecha]]-RepVariacion[[#This Row],[Fecha Inicial]]+1 -> 5 | E71: 46025 | F71: 46029 | G71: Burrata | H71: 152 | J71: 126 | K71: 26 | L71: 25 | M71: -1 | O71: -0.038 | P71: -4191.3 | S71: 0.545 | T71: 0.524 | U71: 199975.4 | V71: 528104.15 | X71: 108973.87 | Y71: 104782.57
A72: =IFERROR(VLOOKUP(RepVariacion[[#This Row],[Nombre Artículo]],Productos[],4,FALSE),"00 Falta Info") -> 0 | B72: =IFERROR(VLOOKUP(RepVariacion[[#This Row],[Nombre Artículo]],Productos[],3,FALSE),"00 Falta Info") -> Lacteos | C72: =IFERROR(VLOOKUP(RepVariacion[[#This Row],[Nombre Artículo]],Productos[],2,FALSE),"00 Falta Info") -> Quesos | D72: =RepVariacion[[#This Row],[Fecha]]-RepVariacion[[#This Row],[Fecha Inicial]]+1 -> 5 | E72: 46025 | F72: 46029 | G72: Mascarpone | H72: 8.9 | J72: 9 | O72: 1
A73: =IFERROR(VLOOKUP(RepVariacion[[#This Row],[Nombre Artículo]],Productos[],4,FALSE),"00 Falta Info") -> 0 | B73: =IFERROR(VLOOKUP(RepVariacion[[#This Row],[Nombre Artículo]],Productos[],3,FALSE),"00 Falta Info") -> Lacteos | C73: =IFERROR(VLOOKUP(RepVariacion[[#This Row],[Nombre Artículo]],Productos[],2,FALSE),"00 Falta Info") -> Quesos | D73: =RepVariacion[[#This Row],[Fecha]]-RepVariacion[[#This Row],[Fecha Inicial]]+1 -> 5 | E73: 46025 | F73: 46029 | G73: Mozzarella Fior Di Latte | H73: 46.3 | I73: 20 | J73: 53.6 | K73: 12.7 | L73: 11.3 | M73: -1.4 | N73: 0.6 | O73: -0.11 | P73: -17186.64 | Q73: 0.05 | R73: 7730.39 | S73: 0.212 | T73: 0.19 | U73: 728969.88 | V73: 657694.45 | W73: 247800 | X73: 154840.65 | Y73: 138558
A74: =IFERROR(VLOOKUP(RepVariacion[[#This Row],[Nombre Artículo]],Productos[],4,FALSE),"00 Falta Info") -> 0 | B74: =IFERROR(VLOOKUP(RepVariacion[[#This Row],[Nombre Artículo]],Productos[],3,FALSE),"00 Falta Info") -> Lacteos | C74: =IFERROR(VLOOKUP(RepVariacion[[#This Row],[Nombre Artículo]],Productos[],2,FALSE),"00 Falta Info") -> Quesos | D74: =RepVariacion[[#This Row],[Fecha]]-RepVariacion[[#This Row],[Fecha Inicial]]+1 -> 5 | E74: 46025 | F74: 46029 | G74: Parmesano | H74: 10.7 | J74: 7.5 | K74: 3.2 | L74: 1.7 | M74: -1.5 | N74: 1.1 | O74: -0.482 | P74: -20017.59 | Q74: 0.347 | R74: 14418.9 | S74: 0.405 | T74: 0.21 | U74: 102463.47 | V74: 97425 | X74: 41516.04 | Y74: 21498.45
A75: =IFERROR(VLOOKUP(RepVariacion[[#This Row],[Nombre Artículo]],Productos[],4,FALSE),"00 Falta Info") -> 0 | B75: =IFERROR(VLOOKUP(RepVariacion[[#This Row],[Nombre Artículo]],Productos[],3,FALSE),"00 Falta Info") -> Lacteos | C75: =IFERROR(VLOOKUP(RepVariacion[[#This Row],[Nombre Artículo]],Productos[],2,FALSE),"00 Falta Info") -> Quesos | D75: =RepVariacion[[#This Row],[Fecha]]-RepVariacion[[#This Row],[Fecha Inicial]]+1 -> 5 | E75: 46025 | F75: 46029 | G75: Provoleta | H75: 16 | J75: 12.9 | K75: 3.1 | L75: 2.8 | M75: -0.3 | O75: -0.082 | P75: -3471.69 | S75: 0.2 | T75: 0.184 | U75: 212604.99 | V75: 179776.4 | X75: 42581.24 | Y75: 39109.55
A76: =IFERROR(VLOOKUP(RepVariacion[[#This Row],[Nombre Artículo]],Productos[],4,FALSE),"00 Falta Info") -> 0 | B76: =IFERROR(VLOOKUP(RepVariacion[[#This Row],[Nombre Artículo]],Productos[],3,FALSE),"00 Falta Info") -> Lacteos | C76: =IFERROR(VLOOKUP(RepVariacion[[#This Row],[Nombre Artículo]],Productos[],2,FALSE),"00 Falta Info") -> Quesos | D76: =RepVariacion[[#This Row],[Fecha]]-RepVariacion[[#This Row],[Fecha Inicial]]+1 -> 5 | E76: 46025 | F76: 46029 | G76: Queso Azul | H76: 5.6 | J76: 4.6 | K76: 1 | L76: 0.6 | M76: -0.4 | O76: -0.391 | P76: -5400.13 | Q76: 0.03 | R76: 419.7 | S76: 0.24 | T76: 0.146 | U76: 57551.88 | V76: 64703.6 | X76: 13794.11 | Y76: 8393.98
A77: =IFERROR(VLOOKUP(RepVariacion[[#This Row],[Nombre Artículo]],Productos[],4,FALSE),"00 Falta Info") -> 0 | B77: =IFERROR(VLOOKUP(RepVariacion[[#This Row],[Nombre Artículo]],Productos[],3,FALSE),"00 Falta Info") -> Lacteos | C77: =IFERROR(VLOOKUP(RepVariacion[[#This Row],[Nombre Artículo]],Productos[],2,FALSE),"00 Falta Info") -> Quesos | D77: =RepVariacion[[#This Row],[Fecha]]-RepVariacion[[#This Row],[Fecha Inicial]]+1 -> 5 | E77: 46025 | F77: 46029 | G77: Queso Brie | H77: 3.6 | J77: 3.3 | K77: 0.4 | L77: 0.2 | M77: -0.1 | O77: -0.286 | P77: -2535.63 | S77: 0.213 | T77: 0.152 | U77: 41597 | V77: 83675.93 | X77: 8874.72 | Y77: 6339.09
A78: =IFERROR(VLOOKUP(RepVariacion[[#This Row],[Nombre Artículo]],Productos[],4,FALSE),"00 Falta Info") -> 0 | B78: =IFERROR(VLOOKUP(RepVariacion[[#This Row],[Nombre Artículo]],Productos[],3,FALSE),"00 Falta Info") -> Lacteos | C78: =IFERROR(VLOOKUP(RepVariacion[[#This Row],[Nombre Artículo]],Productos[],2,FALSE),"00 Falta Info") -> Quesos | D78: =RepVariacion[[#This Row],[Fecha]]-RepVariacion[[#This Row],[Fecha Inicial]]+1 -> 5 | E78: 46025 | F78: 46029 | G78: Queso Crema | H78: 8.6 | J78: 9.6 | K78: -1 | L78: 1.2 | M78: 2.2 | N78: 0.3 | O78: 2.259 | P78: 21934.69 | Q78: -0.347 | R78: 3364.9 | S78: -0.503 | T78: 0.633 | U78: 19318.9 | V78: 97534.26 | X78: -9708.99 | Y78: 12225.7
A79: =IFERROR(VLOOKUP(RepVariacion[[#This Row],[Nombre Artículo]],Productos[],4,FALSE),"00 Falta Info") -> 0 | B79: =IFERROR(VLOOKUP(RepVariacion[[#This Row],[Nombre Artículo]],Productos[],3,FALSE),"00 Falta Info") -> Lacteos | C79: =IFERROR(VLOOKUP(RepVariacion[[#This Row],[Nombre Artículo]],Productos[],2,FALSE),"00 Falta Info") -> Quesos | D79: =RepVariacion[[#This Row],[Fecha]]-RepVariacion[[#This Row],[Fecha Inicial]]+1 -> 5 | E79: 46025 | F79: 46029 | G79: Queso de Cabra | H79: 7.3 | J79: 5.8 | K79: 1.5 | L79: 0.9 | M79: -0.6 | O79: -0.389 | P79: -10382.55 | S79: 0.193 | T79: 0.118 | U79: 138303.49 | V79: 106003.62 | X79: 26718.72 | Y79: 16336.17
A80: =IFERROR(VLOOKUP(RepVariacion[[#This Row],[Nombre Artículo]],Productos[],4,FALSE),"00 Falta Info") -> 0 | B80: =IFERROR(VLOOKUP(RepVariacion[[#This Row],[Nombre Artículo]],Productos[],3,FALSE),"00 Falta Info") -> Abarrotes | C80: =IFERROR(VLOOKUP(RepVariacion[[#This Row],[Nombre Artículo]],Productos[],2,FALSE),"00 Falta Info") -> Chocolate | D80: =RepVariacion[[#This Row],[Fecha]]-RepVariacion[[#This Row],[Fecha Inicial]]+1 -> 5 | E80: 46025 | F80: 46029 | G80: Belcolade Bitter | H80: 20.6 | J80: 20.5 | L80: 0.1 | M80: 0.1 | O80: 1.857
A81: =IFERROR(VLOOKUP(RepVariacion[[#This Row],[Nombre Artículo]],Productos[],4,FALSE),"00 Falta Info") -> 0 | B81: =IFERROR(VLOOKUP(RepVariacion[[#This Row],[Nombre Artículo]],Productos[],3,FALSE),"00 Falta Info") -> Abarrotes | C81: =IFERROR(VLOOKUP(RepVariacion[[#This Row],[Nombre Artículo]],Productos[],2,FALSE),"00 Falta Info") -> Chocolate | D81: =RepVariacion[[#This Row],[Fecha]]-RepVariacion[[#This Row],[Fecha Inicial]]+1 -> 5 | E81: 46025 | F81: 46029 | G81: Belcolade Blanco | H81: 8.3 | J81: 7.8 | K81: 0.5 | M81: -0.5 | N81: 0.1 | O81: -1 | P81: -4535.61 | Q81: 0.309 | R81: 1401.16 | V81: 77117.77 | X81: 4535.61
A82: =IFERROR(VLOOKUP(RepVariacion[[#This Row],[Nombre Artículo]],Productos[],4,FALSE),"00 Falta Info") -> 0 | B82: =IFERROR(VLOOKUP(RepVariacion[[#This Row],[Nombre Artículo]],Productos[],3,FALSE),"00 Falta Info") -> Abarrotes | C82: =IFERROR(VLOOKUP(RepVariacion[[#This Row],[Nombre Artículo]],Productos[],2,FALSE),"00 Falta Info") -> Chocolate | D82: =RepVariacion[[#This Row],[Fecha]]-RepVariacion[[#This Row],[Fecha Inicial]]+1 -> 5 | E82: 46025 | F82: 46029 | G82: Belcolade De Leche | H82: 9.7 | J82: 10.2 | K82: -0.5 | M82: 0.5 | O82: 1 | Q82: -0.02
A83: =IFERROR(VLOOKUP(RepVariacion[[#This Row],[Nombre Artículo]],Productos[],4,FALSE),"00 Falta Info") -> 0 | B83: =IFERROR(VLOOKUP(RepVariacion[[#This Row],[Nombre Artículo]],Productos[],3,FALSE),"00 Falta Info") -> Abarrotes | C83: =IFERROR(VLOOKUP(RepVariacion[[#This Row],[Nombre Artículo]],Productos[],2,FALSE),"00 Falta Info") -> Aceite | D83: =RepVariacion[[#This Row],[Fecha]]-RepVariacion[[#This Row],[Fecha Inicial]]+1 -> 5 | E83: 46025 | F83: 46029 | G83: Aceite Vegetal 900ml | H83: 19 | I83: 24 | J83: 22 | K83: 21 | M83: -21 | O83: -1 | P83: -33537 | V83: 35134 | W83: 38328 | X83: 33529.65
A84: =IFERROR(VLOOKUP(RepVariacion[[#This Row],[Nombre Artículo]],Productos[],4,FALSE),"00 Falta Info") -> 0 | B84: =IFERROR(VLOOKUP(RepVariacion[[#This Row],[Nombre Artículo]],Productos[],3,FALSE),"00 Falta Info") -> Verduras | C84: =IFERROR(VLOOKUP(RepVariacion[[#This Row],[Nombre Artículo]],Productos[],2,FALSE),"00 Falta Info") -> Champiñon | D84: =RepVariacion[[#This Row],[Fecha]]-RepVariacion[[#This Row],[Fecha Inicial]]+1 -> 5 | E84: 46025 | F84: 46029 | G84: ChampiÃ±on Ostra | H84: 0.8 | I84: 2 | J84: 3.2 | K84: -0.4 | L84: 0.5 | M84: 0.9 | O84: 2.19 | P84: 16684.44 | S84: -0.084 | T84: 0.108 | U84: 83916.78 | V84: 58123.5 | W84: 38000 | X84: -7014 | Y84: 9067.63
A85: =IFERROR(VLOOKUP(RepVariacion[[#This Row],[Nombre Artículo]],Productos[],4,FALSE),"00 Falta Info") -> 0 | B85: =IFERROR(VLOOKUP(RepVariacion[[#This Row],[Nombre Artículo]],Productos[],3,FALSE),"00 Falta Info") -> Verduras | C85: =IFERROR(VLOOKUP(RepVariacion[[#This Row],[Nombre Artículo]],Productos[],2,FALSE),"00 Falta Info") -> Champiñon | D85: =RepVariacion[[#This Row],[Fecha]]-RepVariacion[[#This Row],[Fecha Inicial]]+1 -> 5 | E85: 46025 | F85: 46029 | G85: ChampiÃ±on Portobello | H85: 3.1 | J85: 3.1 | L85: 0.3 | M85: 0.3 | O85: 16.647 | P85: 3679 | S85: 0.005 | T85: 0.085 | U85: 45844.29 | V85: 39715 | X85: 221 | Y85: 3900
A86: =IFERROR(VLOOKUP(RepVariacion[[#This Row],[Nombre Artículo]],Productos[],4,FALSE),"00 Falta Info") -> 0 | B86: =IFERROR(VLOOKUP(RepVariacion[[#This Row],[Nombre Artículo]],Productos[],3,FALSE),"00 Falta Info") -> Verduras | C86: =IFERROR(VLOOKUP(RepVariacion[[#This Row],[Nombre Artículo]],Productos[],2,FALSE),"00 Falta Info") -> Palta | D86: =RepVariacion[[#This Row],[Fecha]]-RepVariacion[[#This Row],[Fecha Inicial]]+1 -> 5 | E86: 46025 | F86: 46029 | G86: Palta Hass | H86: 11 | J86: 8 | K86: 3 | L86: 11.3 | M86: 8.3 | N86: 1.2 | O86: 2.77 | P86: 37293.05 | Q86: 0.386 | R86: 5200.82 | S86: 0.057 | T86: 0.213 | U86: 238049.34 | V86: 35990.04 | X86: 13461.05 | Y86: 50754.1
A87: =IFERROR(VLOOKUP(RepVariacion[[#This Row],[Nombre Artículo]],Productos[],4,FALSE),"00 Falta Info") -> 0 | B87: =IFERROR(VLOOKUP(RepVariacion[[#This Row],[Nombre Artículo]],Productos[],3,FALSE),"00 Falta Info") -> Postres | C87: =IFERROR(VLOOKUP(RepVariacion[[#This Row],[Nombre Artículo]],Productos[],2,FALSE),"00 Falta Info") -> Tortas | D87: =RepVariacion[[#This Row],[Fecha]]-RepVariacion[[#This Row],[Fecha Inicial]]+1 -> 5 | E87: 46025 | F87: 46029 | G87: Cheesecake clasico | H87: 27 | I87: 16 | J87: 28 | K87: 15 | L87: 15 | S87: 0.809 | T87: 0.809 | U87: 20402.44 | V87: 30800 | W87: 17600 | X87: 16500 | Y87: 16500
A88: =IFERROR(VLOOKUP(RepVariacion[[#This Row],[Nombre Artículo]],Productos[],4,FALSE),"00 Falta Info") -> 0 | B88: =IFERROR(VLOOKUP(RepVariacion[[#This Row],[Nombre Artículo]],Productos[],3,FALSE),"00 Falta Info") -> Postres | C88: =IFERROR(VLOOKUP(RepVariacion[[#This Row],[Nombre Artículo]],Productos[],2,FALSE),"00 Falta Info") -> Tortas | D88: =RepVariacion[[#This Row],[Fecha]]-RepVariacion[[#This Row],[Fecha Inicial]]+1 -> 5 | E88: 46025 | F88: 46029 | G88: Galleta new york | H88: 55 | I88: 31 | J88: 85 | K88: 1 | L88: 3 | M88: 2 | N88: 1 | O88: 2 | P88: 1694 | Q88: 1 | R88: 847 | S88: 0.082 | T88: 0.246 | U88: 10336 | V88: 71995 | W88: 26257 | X88: 847 | Y88: 2541
A89: =IFERROR(VLOOKUP(RepVariacion[[#This Row],[Nombre Artículo]],Productos[],4,FALSE),"00 Falta Info") -> 0 | B89: =IFERROR(VLOOKUP(RepVariacion[[#This Row],[Nombre Artículo]],Productos[],3,FALSE),"00 Falta Info") -> Postres | C89: =IFERROR(VLOOKUP(RepVariacion[[#This Row],[Nombre Artículo]],Productos[],2,FALSE),"00 Falta Info") -> Tortas | D89: =RepVariacion[[#This Row],[Fecha]]-RepVariacion[[#This Row],[Fecha Inicial]]+1 -> 5 | E89: 46025 | F89: 46029 | G89: Mini Brownie | H89: 131 | J89: 131
A90: =IFERROR(VLOOKUP(RepVariacion[[#This Row],[Nombre Artículo]],Productos[],4,FALSE),"00 Falta Info") -> 0 | B90: =IFERROR(VLOOKUP(RepVariacion[[#This Row],[Nombre Artículo]],Productos[],3,FALSE),"00 Falta Info") -> Postres | C90: =IFERROR(VLOOKUP(RepVariacion[[#This Row],[Nombre Artículo]],Productos[],2,FALSE),"00 Falta Info") -> Tortas | D90: =RepVariacion[[#This Row],[Fecha]]-RepVariacion[[#This Row],[Fecha Inicial]]+1 -> 5 | E90: 46025 | F90: 46029 | G90: Mini Galleta New York | H90: 14 | J90: 14 | V90: 4452
A91: =IFERROR(VLOOKUP(RepVariacion[[#This Row],[Nombre Artículo]],Productos[],4,FALSE),"00 Falta Info") -> 0 | B91: =IFERROR(VLOOKUP(RepVariacion[[#This Row],[Nombre Artículo]],Productos[],3,FALSE),"00 Falta Info") -> Postres | C91: =IFERROR(VLOOKUP(RepVariacion[[#This Row],[Nombre Artículo]],Productos[],2,FALSE),"00 Falta Info") -> Tortas | D91: =RepVariacion[[#This Row],[Fecha]]-RepVariacion[[#This Row],[Fecha Inicial]]+1 -> 5 | E91: 46025 | F91: 46029 | G91: Mousse manjar y chocolate | H91: 15 | I91: 21 | J91: 28 | K91: 8 | L91: 6 | M91: -2 | O91: -0.25 | P91: -2400 | S91: 0.335 | T91: 0.251 | U91: 28698.66 | V91: 33600 | W91: 25200 | X91: 9600 | Y91: 7200
A92: =IFERROR(VLOOKUP(RepVariacion[[#This Row],[Nombre Artículo]],Productos[],4,FALSE),"00 Falta Info") -> 0 | B92: =IFERROR(VLOOKUP(RepVariacion[[#This Row],[Nombre Artículo]],Productos[],3,FALSE),"00 Falta Info") -> Postres | C92: =IFERROR(VLOOKUP(RepVariacion[[#This Row],[Nombre Artículo]],Productos[],2,FALSE),"00 Falta Info") -> Tortas | D92: =RepVariacion[[#This Row],[Fecha]]-RepVariacion[[#This Row],[Fecha Inicial]]+1 -> 5 | E92: 46025 | F92: 46029 | G92: Pavlova | H92: 17 | J92: 14 | K92: 3 | L92: 3 | S92: 0.243 | T92: 0.243 | U92: 12353 | V92: 14000 | X92: 3000 | Y92: 3000
A93: =IFERROR(VLOOKUP(RepVariacion[[#This Row],[Nombre Artículo]],Productos[],4,FALSE),"00 Falta Info") -> 0 | B93: =IFERROR(VLOOKUP(RepVariacion[[#This Row],[Nombre Artículo]],Productos[],3,FALSE),"00 Falta Info") -> Postres | C93: =IFERROR(VLOOKUP(RepVariacion[[#This Row],[Nombre Artículo]],Productos[],2,FALSE),"00 Falta Info") -> Tortas | D93: =RepVariacion[[#This Row],[Fecha]]-RepVariacion[[#This Row],[Fecha Inicial]]+1 -> 5 | E93: 46025 | F93: 46029 | G93: Tartaleta de mango maracuya | H93: 17 | I93: 11 | J93: 19 | K93: 9 | L93: 6 | M93: -3 | N93: 3 | O93: -0.333 | P93: -3900 | Q93: 0.333 | R93: 3900 | S93: 0.348 | T93: 0.232 | U93: 33630 | V93: 24700 | W93: 14300 | X93: 11700 | Y93: 7800
A94: =IFERROR(VLOOKUP(RepVariacion[[#This Row],[Nombre Artículo]],Productos[],4,FALSE),"00 Falta Info") -> 0 | B94: =IFERROR(VLOOKUP(RepVariacion[[#This Row],[Nombre Artículo]],Productos[],3,FALSE),"00 Falta Info") -> Colación | C94: =IFERROR(VLOOKUP(RepVariacion[[#This Row],[Nombre Artículo]],Productos[],2,FALSE),"00 Falta Info") -> Colacion | D94: =RepVariacion[[#This Row],[Fecha]]-RepVariacion[[#This Row],[Fecha Inicial]]+1 -> 5 | E94: 46025 | F94: 46029 | G94: Carne Molida ColaciÃ³n | H94: 4.1 | J94: 4.1 | V94: 21164 | X94: 5.2
A95: =IFERROR(VLOOKUP(RepVariacion[[#This Row],[Nombre Artículo]],Productos[],4,FALSE),"00 Falta Info") -> 0 | B95: =IFERROR(VLOOKUP(RepVariacion[[#This Row],[Nombre Artículo]],Productos[],3,FALSE),"00 Falta Info") -> Colación | C95: =IFERROR(VLOOKUP(RepVariacion[[#This Row],[Nombre Artículo]],Productos[],2,FALSE),"00 Falta Info") -> Colacion | D95: =RepVariacion[[#This Row],[Fecha]]-RepVariacion[[#This Row],[Fecha Inicial]]+1 -> 5 | E95: 46025 | F95: 46029 | G95: Huachalomo Colacion | H95: 21.6 | I95: 19.7 | J95: 19.7 | K95: 21.6 | M95: -21.6 | O95: -1 | P95: -150634.5 | V95: 137423.4 | W95: 137423 | X95: 150634.51
A96: =IFERROR(VLOOKUP(RepVariacion[[#This Row],[Nombre Artículo]],Productos[],4,FALSE),"00 Falta Info") -> 0 | B96: =IFERROR(VLOOKUP(RepVariacion[[#This Row],[Nombre Artículo]],Productos[],3,FALSE),"00 Falta Info") -> Colación | C96: =IFERROR(VLOOKUP(RepVariacion[[#This Row],[Nombre Artículo]],Productos[],2,FALSE),"00 Falta Info") -> Colacion | D96: =RepVariacion[[#This Row],[Fecha]]-RepVariacion[[#This Row],[Fecha Inicial]]+1 -> 5 | E96: 46025 | F96: 46029 | G96: Pulpa de Cerdo ColaciÃ³n | H96: 25.2 | I96: 17 | J96: 25.4 | K96: 16.8 | M96: -16.8 | O96: -1 | P96: -67107.81 | V96: 101146.5 | W96: 67897.8 | X96: 67107.81
A97: =IFERROR(VLOOKUP(RepVariacion[[#This Row],[Nombre Artículo]],Productos[],4,FALSE),"00 Falta Info") -> 0 | B97: =IFERROR(VLOOKUP(RepVariacion[[#This Row],[Nombre Artículo]],Productos[],3,FALSE),"00 Falta Info") -> Colación | C97: =IFERROR(VLOOKUP(RepVariacion[[#This Row],[Nombre Artículo]],Productos[],2,FALSE),"00 Falta Info") -> Colacion | D97: =RepVariacion[[#This Row],[Fecha]]-RepVariacion[[#This Row],[Fecha Inicial]]+1 -> 5 | E97: 46025 | F97: 46029 | G97: Truto Colacion | I97: 20.5 | J97: 20.5 | V97: 53120.9 | W97: 53120.9
A98: =IFERROR(VLOOKUP(RepVariacion[[#This Row],[Nombre Artículo]],Productos[],4,FALSE),"00 Falta Info") -> 0 | B98: =IFERROR(VLOOKUP(RepVariacion[[#This Row],[Nombre Artículo]],Productos[],3,FALSE),"00 Falta Info") -> Aves | C98: =IFERROR(VLOOKUP(RepVariacion[[#This Row],[Nombre Artículo]],Productos[],2,FALSE),"00 Falta Info") -> Pollo | D98: =RepVariacion[[#This Row],[Fecha]]-RepVariacion[[#This Row],[Fecha Inicial]]+1 -> 7 | E98: 46030 | F98: 46036 | G98: Pechuga Deshuesada | H98: 32.2 | J98: 24 | K98: 8.2 | L98: 8.4 | M98: 0.2 | O98: 0.018 | P98: 683.91 | S98: 0.197 | T98: 0.2 | U98: 189841.46 | V98: 108611.29 | X98: 37353.86 | Y98: 38037.77
A99: =IFERROR(VLOOKUP(RepVariacion[[#This Row],[Nombre Artículo]],Productos[],4,FALSE),"00 Falta Info") -> 0 | B99: =IFERROR(VLOOKUP(RepVariacion[[#This Row],[Nombre Artículo]],Productos[],3,FALSE),"00 Falta Info") -> Carnes | C99: =IFERROR(VLOOKUP(RepVariacion[[#This Row],[Nombre Artículo]],Productos[],2,FALSE),"00 Falta Info") -> Vacuno | D99: =RepVariacion[[#This Row],[Fecha]]-RepVariacion[[#This Row],[Fecha Inicial]]+1 -> 7 | E99: 46030 | F99: 46036 | G99: Asado de Tira | H99: 15.6 | J99: 16.4 | K99: -0.8 | M99: 0.8 | O99: 1 | P99: 12792 | V99: 262236 | X99: -12792
A100: =IFERROR(VLOOKUP(RepVariacion[[#This Row],[Nombre Artículo]],Productos[],4,FALSE),"00 Falta Info") -> 0 | B100: =IFERROR(VLOOKUP(RepVariacion[[#This Row],[Nombre Artículo]],Productos[],3,FALSE),"00 Falta Info") -> Carnes | C100: =IFERROR(VLOOKUP(RepVariacion[[#This Row],[Nombre Artículo]],Productos[],2,FALSE),"00 Falta Info") -> Vacuno | D100: =RepVariacion[[#This Row],[Fecha]]-RepVariacion[[#This Row],[Fecha Inicial]]+1 -> 7 | E100: 46030 | F100: 46036 | G100: EntraÃ±a | H100: 9.6 | I100: 36 | J100: 17.9 | K100: 27.7 | L100: 27.6 | M100: -0.1 | O100: -0.004 | P100: -4136.55 | S100: 0.372 | T100: 0.372 | U100: 2816508.9 | V100: 680101.96 | W100: 1366200 | X100: 1046344.6 | Y100: 1047420
...

Sheet Intelipar
A1: Agrupacion Personalizada | B1: Clasificacion | C1: Categoria | D1: Fecha de cierre | E1: Nombre de Articulo | F1: Usado | G1: Existencia (Costo) | H1: Existencia | I1: Tamaño de Articulo | J1: Costo Unitario | K1: Consumo Historico | L1: Orden UDM | M1: Proveedor | N1: Compras Realizadas | O1: Inicio del periodo | P1: Fecha de cierre del periodo | Q1: Dias de sugerencia | R1: Dias de despacho | S1: % de cob | T1: Fecha de envio de sugerencia | U1: Rango de periodo | V1: Par2 | W1: Compra sugerida | X1: $ Compra sugerida | Y1: Dias Restantes | Z1: Exceso de Inventario
A2: =IFERROR(VLOOKUP(InteliPar[[#This Row],[Nombre de Articulo]],Productos[],4,FALSE),"00 Falta Info") -> 0 | B2: =IFERROR(VLOOKUP(InteliPar[[#This Row],[Nombre de Articulo]],Productos[],3,FALSE),"00 Falta Info") -> Aves | C2: =IFERROR(VLOOKUP(InteliPar[[#This Row],[Nombre de Articulo]],Productos[],2,FALSE),"00 Falta Info") -> Pollo | D2: 46024 | E2: Pechuga Deshuesada | F2: 5.6 | G2: 114526 | H2: 21.73 | I2: 1 kg | J2: 5269.88 | K2: 6.3 | L2: KG | M2: Sociedad bravo y hermanos limitada | N2: 15 | O2: 46010 | P2: 46017 | Q2: 7 | R2: 3 | S2: 0.25 | T2: 46018 | U2: 8 | V2: 10 | W2: 0 | X2: 0 | Y2: 28 | Z2: 43575.32
A3: =IFERROR(VLOOKUP(InteliPar[[#This Row],[Nombre de Articulo]],Productos[],4,FALSE),"00 Falta Info") -> 0 | B3: =IFERROR(VLOOKUP(InteliPar[[#This Row],[Nombre de Articulo]],Productos[],3,FALSE),"00 Falta Info") -> Carnes | C3: =IFERROR(VLOOKUP(InteliPar[[#This Row],[Nombre de Articulo]],Productos[],2,FALSE),"00 Falta Info") -> Vacuno | D3: 46024 | E3: Asado de Tira | F3: -0.3 | G3: 263835 | H3: 16.5 | I3: 1 kg | J3: 15990 | K3: 0.2 | L3: KG | M3: Frigorifico de Osorno S.A. | N3: 0 | O3: 46010 | P3: 46017 | Q3: 7 | R3: 3 | S3: 0.25 | T3: 46018 | U3: 8 | V3: 1 | W3: 0 | X3: 0 | Y3: 660 | Z3: 256839.38
A4: =IFERROR(VLOOKUP(InteliPar[[#This Row],[Nombre de Articulo]],Productos[],4,FALSE),"00 Falta Info") -> 0 | B4: =IFERROR(VLOOKUP(InteliPar[[#This Row],[Nombre de Articulo]],Productos[],3,FALSE),"00 Falta Info") -> Carnes | C4: =IFERROR(VLOOKUP(InteliPar[[#This Row],[Nombre de Articulo]],Productos[],2,FALSE),"00 Falta Info") -> Vacuno | D4: 46024 | E4: EntraÃ±a | F4: 183.3 | G4: 858631 | H4: 123.54 | I4: 200 g | J4: 6950.51 | K4: 207.1 | L4: UNI | M4: Frigorifico de Osorno S.A. | N4: 200 | O4: 46010 | P4: 46017 | Q4: 7 | R4: 3 | S4: 0.25 | T4: 46018 | U4: 8 | V4: 324 | W4: 201 | X4: 1397052.5 | Y4: 5 | Z4: 0
A5: =IFERROR(VLOOKUP(InteliPar[[#This Row],[Nombre de Articulo]],Productos[],4,FALSE),"00 Falta Info") -> 0 | B5: =IFERROR(VLOOKUP(InteliPar[[#This Row],[Nombre de Articulo]],Productos[],3,FALSE),"00 Falta Info") -> Carnes | C5: =IFERROR(VLOOKUP(InteliPar[[#This Row],[Nombre de Articulo]],Productos[],2,FALSE),"00 Falta Info") -> Vacuno | D5: 46024 | E5: Filete | F5: 26.1 | G5: 506472 | H5: 36.55 | I5: 1 kg | J5: 13857.17 | K5: 37.3 | L5: KG | M5: Frigorifico de Osorno S.A. | N5: 0 | O5: 46010 | P5: 46017 | Q5: 7 | R5: 3 | S5: 0.25 | T5: 46018 | U5: 8 | V5: 59 | W5: 23 | X5: 318714.91 | Y5: 8 | Z5: 0
A6: =IFERROR(VLOOKUP(InteliPar[[#This Row],[Nombre de Articulo]],Productos[],4,FALSE),"00 Falta Info") -> 0 | B6: =IFERROR(VLOOKUP(InteliPar[[#This Row],[Nombre de Articulo]],Productos[],3,FALSE),"00 Falta Info") -> Carnes | C6: =IFERROR(VLOOKUP(InteliPar[[#This Row],[Nombre de Articulo]],Productos[],2,FALSE),"00 Falta Info") -> Vacuno | D6: 46024 | E6: Filete Baston | I6: 1 kg | K6: 6.4 | L6: KG | M6: Natural Food Services SPA | N6: 0 | O6: 46010 | P6: 46017 | Q6: 7 | R6: 3 | S6: 0.25 | T6: 46018 | U6: 8 | V6: 10 | W6: 10 | X6: 0 | Y6: 0 | Z6: 0
A7: =IFERROR(VLOOKUP(InteliPar[[#This Row],[Nombre de Articulo]],Productos[],4,FALSE),"00 Falta Info") -> 0 | B7: =IFERROR(VLOOKUP(InteliPar[[#This Row],[Nombre de Articulo]],Productos[],3,FALSE),"00 Falta Info") -> Carnes | C7: =IFERROR(VLOOKUP(InteliPar[[#This Row],[Nombre de Articulo]],Productos[],2,FALSE),"00 Falta Info") -> Vacuno | D7: 46024 | E7: Filete Medallon | F7: 54.8 | G7: 977664 | H7: 250.55 | I7: 200 g | J7: 3902.07 | K7: 60.1 | L7: UNI | M7: Alimentos San Martin SPA | N7: 125 | O7: 46010 | P7: 46017 | Q7: 7 | R7: 3 | S7: 0.25 | T7: 46018 | U7: 8 | V7: 94 | W7: 0 | X7: 0 | Y7: 33 | Z7: 454371.66
A8: =IFERROR(VLOOKUP(InteliPar[[#This Row],[Nombre de Articulo]],Productos[],4,FALSE),"00 Falta Info") -> 0 | B8: =IFERROR(VLOOKUP(InteliPar[[#This Row],[Nombre de Articulo]],Productos[],3,FALSE),"00 Falta Info") -> Carnes | C8: =IFERROR(VLOOKUP(InteliPar[[#This Row],[Nombre de Articulo]],Productos[],2,FALSE),"00 Falta Info") -> Vacuno | D8: 46024 | E8: Mechada EntraÃ±a | G8: 164000 | H8: 20 | I8: 1 kg | J8: 8200 | K8: 0 | L8: KG | M8: Natural Food Services SPA | N8: 0 | O8: 46010 | P8: 46017 | Q8: 7 | R8: 3 | S8: 0.25 | T8: 46018 | U8: 8 | V8: 0 | W8: 0 | X8: 0 | Y8: 0 | Z8: 0
A9: =IFERROR(VLOOKUP(InteliPar[[#This Row],[Nombre de Articulo]],Productos[],4,FALSE),"00 Falta Info") -> 0 | B9: =IFERROR(VLOOKUP(InteliPar[[#This Row],[Nombre de Articulo]],Productos[],3,FALSE),"00 Falta Info") -> Carnes | C9: =IFERROR(VLOOKUP(InteliPar[[#This Row],[Nombre de Articulo]],Productos[],2,FALSE),"00 Falta Info") -> Vacuno | D9: 46024 | E9: Plateada | F9: 9.5 | G9: 174682 | H9: 14.64 | I9: 1 kg | J9: 11933.7 | K9: 58.8 | L9: KG | M9: Frigorifico de Osorno S.A. | N9: 0 | O9: 46010 | P9: 46017 | Q9: 7 | R9: 3 | S9: 0.25 | T9: 46018 | U9: 8 | V9: 92 | W9: 78 | X9: 930828.6 | Y9: 2 | Z9: 0
A10: =IFERROR(VLOOKUP(InteliPar[[#This Row],[Nombre de Articulo]],Productos[],4,FALSE),"00 Falta Info") -> 0 | B10: =IFERROR(VLOOKUP(InteliPar[[#This Row],[Nombre de Articulo]],Productos[],3,FALSE),"00 Falta Info") -> Carnes | C10: =IFERROR(VLOOKUP(InteliPar[[#This Row],[Nombre de Articulo]],Productos[],2,FALSE),"00 Falta Info") -> Vacuno | D10: 46024 | E10: Plateada al jugo 200 gr | F10: 75.7 | G10: 494835 | H10: 164.94 | I10: 200 g | J10: 3000 | K10: -1.9 | L10: EACH | M10: Natural Food Services SPA | N10: 80 | O10: 46010 | P10: 46017 | Q10: 7 | R10: 3 | S10: 0.25 | T10: 46018 | U10: 8 | V10: -3 | W10: 0 | X10: 0 | Y10: -694 | Z10: 0
A11: =IFERROR(VLOOKUP(InteliPar[[#This Row],[Nombre de Articulo]],Productos[],4,FALSE),"00 Falta Info") -> 0 | B11: =IFERROR(VLOOKUP(InteliPar[[#This Row],[Nombre de Articulo]],Productos[],3,FALSE),"00 Falta Info") -> Pescado | C11: =IFERROR(VLOOKUP(InteliPar[[#This Row],[Nombre de Articulo]],Productos[],2,FALSE),"00 Falta Info") -> Pescado | D11: 46024 | E11: Atun Steak | F11: 30 | G11: 193809 | H11: 20.29 | I11: 1 kg | J11: 9549.99 | K11: 30 | L11: KG | M11: South Wind | N11: 15 | O11: 46010 | P11: 46017 | Q11: 7 | R11: 3 | S11: 0.25 | T11: 46018 | U11: 8 | V11: 47 | W11: 27 | X11: 257849.73 | Y11: 5 | Z11: 0
A12: =IFERROR(VLOOKUP(InteliPar[[#This Row],[Nombre de Articulo]],Productos[],4,FALSE),"00 Falta Info") -> 0 | B12: =IFERROR(VLOOKUP(InteliPar[[#This Row],[Nombre de Articulo]],Productos[],3,FALSE),"00 Falta Info") -> Pescado | C12: =IFERROR(VLOOKUP(InteliPar[[#This Row],[Nombre de Articulo]],Productos[],2,FALSE),"00 Falta Info") -> Pescado | D12: 46024 | E12: Corvina | F12: 33.4 | G12: 140595 | H12: 21.63 | I12: 1 kg | J12: 6500 | K12: 33.4 | L12: KG | M12: Delicias del Mar de Matias SPA | N12: 49.4 | O12: 46010 | P12: 46017 | Q12: 7 | R12: 3 | S12: 0.25 | T12: 46018 | U12: 8 | V12: 53 | W12: 32 | X12: 208000 | Y12: 5 | Z12: 0
A13: =IFERROR(VLOOKUP(InteliPar[[#This Row],[Nombre de Articulo]],Productos[],4,FALSE),"00 Falta Info") -> 0 | B13: =IFERROR(VLOOKUP(InteliPar[[#This Row],[Nombre de Articulo]],Productos[],3,FALSE),"00 Falta Info") -> Pescado | C13: =IFERROR(VLOOKUP(InteliPar[[#This Row],[Nombre de Articulo]],Productos[],2,FALSE),"00 Falta Info") -> Pescado | D13: 46024 | E13: Palometa | I13: 1 kg | K13: 55.4 | L13: KG | M13: Delicias del Mar de Matias SPA | N13: 0 | O13: 46010 | P13: 46017 | Q13: 7 | R13: 3 | S13: 0.25 | T13: 46018 | U13: 8 | V13: 87 | W13: 87 | X13: 0 | Y13: 0 | Z13: 0
A14: =IFERROR(VLOOKUP(InteliPar[[#This Row],[Nombre de Articulo]],Productos[],4,FALSE),"00 Falta Info") -> 0 | B14: =IFERROR(VLOOKUP(InteliPar[[#This Row],[Nombre de Articulo]],Productos[],3,FALSE),"00 Falta Info") -> Pescado | C14: =IFERROR(VLOOKUP(InteliPar[[#This Row],[Nombre de Articulo]],Productos[],2,FALSE),"00 Falta Info") -> Pescado | D14: 46024 | E14: Salmon | F14: 16.1 | G14: 337025 | H14: 33.83 | I14: 1 kg | J14: 9961.7 | K14: 17 | L14: KG | M14: South Wind | N14: 0 | O14: 46010 | P14: 46017 | Q14: 7 | R14: 3 | S14: 0.25 | T14: 46018 | U14: 8 | V14: 27 | W14: 0 | X14: 0 | Y14: 16 | Z14: 0
A15: =IFERROR(VLOOKUP(InteliPar[[#This Row],[Nombre de Articulo]],Productos[],4,FALSE),"00 Falta Info") -> 0 | B15: =IFERROR(VLOOKUP(InteliPar[[#This Row],[Nombre de Articulo]],Productos[],3,FALSE),"00 Falta Info") -> Mariscos | C15: =IFERROR(VLOOKUP(InteliPar[[#This Row],[Nombre de Articulo]],Productos[],2,FALSE),"00 Falta Info") -> Mariscos | D15: 46024 | E15: Almejas | F15: 12.3 | G15: 86907 | H15: 28.56 | I15: 1 kg | J15: 3043.07 | K15: -0.8 | L15: KG | M15: Comercial Valenzuela CompaÃ±ia Limitada | N15: 15 | O15: 46010 | P15: 46017 | Q15: 7 | R15: 3 | S15: 0.25 | T15: 46018 | U15: 8 | V15: -2 | W15: 0 | X15: 0 | Y15: -286 | Z15: 0
A16: =IFERROR(VLOOKUP(InteliPar[[#This Row],[Nombre de Articulo]],Productos[],4,FALSE),"00 Falta Info") -> 0 | B16: =IFERROR(VLOOKUP(InteliPar[[#This Row],[Nombre de Articulo]],Productos[],3,FALSE),"00 Falta Info") -> Mariscos | C16: =IFERROR(VLOOKUP(InteliPar[[#This Row],[Nombre de Articulo]],Productos[],2,FALSE),"00 Falta Info") -> Mariscos | D16: 46024 | E16: Camaron 36/40 Sin cascara | F16: 8.6 | G16: 141516 | H16: 18.68 | I16: 1 kg | J16: 7573.93 | K16: 17.6 | L16: KG | M16: South Wind | N16: 0 | O16: 46010 | P16: 46017 | Q16: 7 | R16: 3 | S16: 0.25 | T16: 46018 | U16: 8 | V16: 28 | W16: 10 | X16: 75739.3 | Y16: 8 | Z16: 0
A17: =IFERROR(VLOOKUP(InteliPar[[#This Row],[Nombre de Articulo]],Productos[],4,FALSE),"00 Falta Info") -> 0 | B17: =IFERROR(VLOOKUP(InteliPar[[#This Row],[Nombre de Articulo]],Productos[],3,FALSE),"00 Falta Info") -> Mariscos | C17: =IFERROR(VLOOKUP(InteliPar[[#This Row],[Nombre de Articulo]],Productos[],2,FALSE),"00 Falta Info") -> Mariscos | D17: 46024 | E17: Langostino | F17: 7.8 | G17: 298157 | H17: 23.77 | I17: 1 kg | J17: 12546 | K17: 29.7 | L17: KG | M17: South Wind | N17: 12 | O17: 46010 | P17: 46017 | Q17: 7 | R17: 3 | S17: 0.25 | T17: 46018 | U17: 8 | V17: 47 | W17: 24 | X17: 301104 | Y17: 6 | Z17: 0
A18: =IFERROR(VLOOKUP(InteliPar[[#This Row],[Nombre de Articulo]],Productos[],4,FALSE),"00 Falta Info") -> 0 | B18: =IFERROR(VLOOKUP(InteliPar[[#This Row],[Nombre de Articulo]],Productos[],3,FALSE),"00 Falta Info") -> Mariscos | C18: =IFERROR(VLOOKUP(InteliPar[[#This Row],[Nombre de Articulo]],Productos[],2,FALSE),"00 Falta Info") -> Mariscos | D18: 46024 | E18: Locos | F18: 9.2 | G18: 754364 | H18: 32.17 | I18: 1 kg | J18: 23450.34 | K18: 9.2 | L18: KG | M18: Aldo Luis ZuÃ±iga Ayala | N18: 5 | O18: 46010 | P18: 46017 | Q18: 7 | R18: 3 | S18: 0.25 | T18: 46018 | U18: 8 | V18: 15 | W18: 0 | X18: 0 | Y18: 28 | Z18: 283162.86
A19: =IFERROR(VLOOKUP(InteliPar[[#This Row],[Nombre de Articulo]],Productos[],4,FALSE),"00 Falta Info") -> 0 | B19: =IFERROR(VLOOKUP(InteliPar[[#This Row],[Nombre de Articulo]],Productos[],3,FALSE),"00 Falta Info") -> Mariscos | C19: =IFERROR(VLOOKUP(InteliPar[[#This Row],[Nombre de Articulo]],Productos[],2,FALSE),"00 Falta Info") -> Mariscos | D19: 46024 | E19: Ostion | F19: 3.9 | G19: 328300 | H19: 21.46 | I19: 1 kg | J19: 15300 | K19: 6.2 | L19: KG | M19: South Wind | N19: 0 | O19: 46010 | P19: 46017 | Q19: 7 | R19: 3 | S19: 0.25 | T19: 46018 | U19: 8 | V19: 10 | W19: 0 | X19: 0 | Y19: 28 | Z19: 124503.75
A20: =IFERROR(VLOOKUP(InteliPar[[#This Row],[Nombre de Articulo]],Productos[],4,FALSE),"00 Falta Info") -> 0 | B20: =IFERROR(VLOOKUP(InteliPar[[#This Row],[Nombre de Articulo]],Productos[],3,FALSE),"00 Falta Info") -> Mariscos | C20: =IFERROR(VLOOKUP(InteliPar[[#This Row],[Nombre de Articulo]],Productos[],2,FALSE),"00 Falta Info") -> Mariscos | D20: 46024 | E20: Ostion sin concha | G20: 44700 | H20: 3 | I20: 1 kg | J20: 14900 | K20: 2.4 | L20: KG | M20: South Wind | N20: 0 | O20: 46010 | P20: 46017 | Q20: 7 | R20: 3 | S20: 0.25 | T20: 46018 | U20: 8 | V20: 4 | W20: 1 | X20: 14900 | Y20: 10 | Z20: 0
A21: =IFERROR(VLOOKUP(InteliPar[[#This Row],[Nombre de Articulo]],Productos[],4,FALSE),"00 Falta Info") -> 0 | B21: =IFERROR(VLOOKUP(InteliPar[[#This Row],[Nombre de Articulo]],Productos[],3,FALSE),"00 Falta Info") -> Mariscos | C21: =IFERROR(VLOOKUP(InteliPar[[#This Row],[Nombre de Articulo]],Productos[],2,FALSE),"00 Falta Info") -> Mariscos | D21: 46024 | E21: Ostras | F21: 10.3 | G21: 18398.6 | H21: 1.27 | I21: 1 kg | J21: 14495.83 | K21: 1.6 | L21: KG | M21: Comercial Valenzuela CompaÃ±ia Limitada | N21: 0 | O21: 46010 | P21: 46017 | Q21: 7 | R21: 3 | S21: 0.25 | T21: 46018 | U21: 8 | V21: 3 | W21: 2 | X21: 28991.66 | Y21: 6 | Z21: 0
A22: =IFERROR(VLOOKUP(InteliPar[[#This Row],[Nombre de Articulo]],Productos[],4,FALSE),"00 Falta Info") -> 0 | B22: =IFERROR(VLOOKUP(InteliPar[[#This Row],[Nombre de Articulo]],Productos[],3,FALSE),"00 Falta Info") -> Mariscos | C22: =IFERROR(VLOOKUP(InteliPar[[#This Row],[Nombre de Articulo]],Productos[],2,FALSE),"00 Falta Info") -> Mariscos | D22: 46024 | E22: Pulpo | F22: 16.7 | G22: 118055 | H22: 12.76 | I22: 1 kg | J22: 9250.65 | K22: 23.1 | L22: KG | M22: Aldo Luis ZuÃ±iga Ayala | N22: 0 | O22: 46010 | P22: 46017 | Q22: 7 | R22: 3 | S22: 0.25 | T22: 46018 | U22: 8 | V22: 37 | W22: 25 | X22: 231266.25 | Y22: 4 | Z22: 0
A23: =IFERROR(VLOOKUP(InteliPar[[#This Row],[Nombre de Articulo]],Productos[],4,FALSE),"00 Falta Info") -> 0 | B23: =IFERROR(VLOOKUP(InteliPar[[#This Row],[Nombre de Articulo]],Productos[],3,FALSE),"00 Falta Info") -> Embutidos | C23: =IFERROR(VLOOKUP(InteliPar[[#This Row],[Nombre de Articulo]],Productos[],2,FALSE),"00 Falta Info") -> Embutidos | D23: 46024 | E23: Jamon Serrano | F23: 5.1 | G23: 194009 | H23: 8.44 | I23: 1 kg | J23: 22980 | K23: 7.8 | L23: KG | M23: Delicasei SpA | N23: 6 | O23: 46010 | P23: 46017 | Q23: 7 | R23: 3 | S23: 0.25 | T23: 46018 | U23: 8 | V23: 13 | W23: 5 | X23: 114900 | Y23: 9 | Z23: 0
A24: =IFERROR(VLOOKUP(InteliPar[[#This Row],[Nombre de Articulo]],Productos[],4,FALSE),"00 Falta Info") -> 0 | B24: =IFERROR(VLOOKUP(InteliPar[[#This Row],[Nombre de Articulo]],Productos[],3,FALSE),"00 Falta Info") -> Embutidos | C24: =IFERROR(VLOOKUP(InteliPar[[#This Row],[Nombre de Articulo]],Productos[],2,FALSE),"00 Falta Info") -> Embutidos | D24: 46024 | E24: Pepperoni | F24: 1.7 | G24: 70062.2 | H24: 6.74 | I24: 1 kg | J24: 10387.28 | K24: 2.2 | L24: KG | M24: Importadora y Alimentos ICB Food Service Ltda | N24: 0 | O24: 46010 | P24: 46017 | Q24: 7 | R24: 3 | S24: 0.25 | T24: 46018 | U24: 8 | V24: 4 | W24: 0 | X24: 0 | Y24: 25 | Z24: 21423.765
A25: =IFERROR(VLOOKUP(InteliPar[[#This Row],[Nombre de Articulo]],Productos[],4,FALSE),"00 Falta Info") -> 0 | B25: =IFERROR(VLOOKUP(InteliPar[[#This Row],[Nombre de Articulo]],Productos[],3,FALSE),"00 Falta Info") -> Lacteos | C25: =IFERROR(VLOOKUP(InteliPar[[#This Row],[Nombre de Articulo]],Productos[],2,FALSE),"00 Falta Info") -> Quesos | D25: 46024 | E25: Burrata | F25: 51 | G25: 599406 | H25: 143 | I25: 125 g | J25: 4191.65 | K25: 57.9 | L25: PIECE | M25: Qifood Spa | N25: 0 | O25: 46010 | P25: 46017 | Q25: 7 | R25: 3 | S25: 0.25 | T25: 46018 | U25: 8 | V25: 91 | W25: 0 | X25: 0 | Y25: 20 | Z25: 75842.667
A26: =IFERROR(VLOOKUP(InteliPar[[#This Row],[Nombre de Articulo]],Productos[],4,FALSE),"00 Falta Info") -> 0 | B26: =IFERROR(VLOOKUP(InteliPar[[#This Row],[Nombre de Articulo]],Productos[],3,FALSE),"00 Falta Info") -> Lacteos | C26: =IFERROR(VLOOKUP(InteliPar[[#This Row],[Nombre de Articulo]],Productos[],2,FALSE),"00 Falta Info") -> Quesos | D26: 46024 | E26: Mascarpone | F26: -9 | H26: 9 | I26: 1 kg | K26: -9 | L26: KG | M26: Qifood Spa | N26: 0 | O26: 46010 | P26: 46017 | Q26: 7 | R26: 3 | S26: 0.25 | T26: 46018 | U26: 8 | V26: -15 | W26: 0 | X26: 0 | Y26: -8 | Z26: 0
A27: =IFERROR(VLOOKUP(InteliPar[[#This Row],[Nombre de Articulo]],Productos[],4,FALSE),"00 Falta Info") -> 0 | B27: =IFERROR(VLOOKUP(InteliPar[[#This Row],[Nombre de Articulo]],Productos[],3,FALSE),"00 Falta Info") -> Lacteos | C27: =IFERROR(VLOOKUP(InteliPar[[#This Row],[Nombre de Articulo]],Productos[],2,FALSE),"00 Falta Info") -> Quesos | D27: 46024 | E27: Mozzarella Fior Di Latte | F27: 34.6 | G27: 542664 | H27: 44.79 | I27: 1 kg | J27: 12116.61 | K27: 40.6 | L27: KG | M27: Qifood Spa | N27: 50 | O27: 46010 | P27: 46017 | Q27: 7 | R27: 3 | S27: 0.25 | T27: 46018 | U27: 8 | V27: 64 | W27: 20 | X27: 242332.2 | Y27: 9 | Z27: 0
A28: =IFERROR(VLOOKUP(InteliPar[[#This Row],[Nombre de Articulo]],Productos[],4,FALSE),"00 Falta Info") -> 0 | B28: =IFERROR(VLOOKUP(InteliPar[[#This Row],[Nombre de Articulo]],Productos[],3,FALSE),"00 Falta Info") -> Lacteos | C28: =IFERROR(VLOOKUP(InteliPar[[#This Row],[Nombre de Articulo]],Productos[],2,FALSE),"00 Falta Info") -> Quesos | D28: 46024 | E28: Parmesano | F28: 2.5 | G28: 152464 | H28: 11.74 | I28: 1 kg | J28: 12990 | K28: 3.2 | L28: KG | M28: Delicasei SpA | N28: 5 | O28: 46010 | P28: 46017 | Q28: 7 | R28: 3 | S28: 0.25 | T28: 46018 | U28: 8 | V28: 5 | W28: 0 | X28: 0 | Y28: 29 | Z28: 59754
A29: =IFERROR(VLOOKUP(InteliPar[[#This Row],[Nombre de Articulo]],Productos[],4,FALSE),"00 Falta Info") -> 0 | B29: =IFERROR(VLOOKUP(InteliPar[[#This Row],[Nombre de Articulo]],Productos[],3,FALSE),"00 Falta Info") -> Lacteos | C29: =IFERROR(VLOOKUP(InteliPar[[#This Row],[Nombre de Articulo]],Productos[],2,FALSE),"00 Falta Info") -> Quesos | D29: 46024 | E29: Provoleta | F29: 6.4 | G29: 103862 | H29: 7.59 | I29: 1 kg | J29: 13690 | K29: 7.2 | L29: KG | M29: Delicasei SpA | N29: 0 | O29: 46010 | P29: 46017 | Q29: 7 | R29: 3 | S29: 0.25 | T29: 46018 | U29: 8 | V29: 12 | W29: 5 | X29: 68450 | Y29: 8 | Z29: 0
A30: =IFERROR(VLOOKUP(InteliPar[[#This Row],[Nombre de Articulo]],Productos[],4,FALSE),"00 Falta Info") -> 0 | B30: =IFERROR(VLOOKUP(InteliPar[[#This Row],[Nombre de Articulo]],Productos[],3,FALSE),"00 Falta Info") -> Lacteos | C30: =IFERROR(VLOOKUP(InteliPar[[#This Row],[Nombre de Articulo]],Productos[],2,FALSE),"00 Falta Info") -> Quesos | D30: 46024 | E30: Queso Azul | F30: 1.6 | G30: 15304.7 | H30: 1.09 | I30: 1 kg | J30: 13989.7 | K30: 1.6 | L30: KG | M30: Delicasei SpA | N30: 0 | O30: 46010 | P30: 46017 | Q30: 7 | R30: 3 | S30: 0.25 | T30: 46018 | U30: 8 | V30: 3 | W30: 2 | X30: 27979.4 | Y30: 5 | Z30: 0
A31: =IFERROR(VLOOKUP(InteliPar[[#This Row],[Nombre de Articulo]],Productos[],4,FALSE),"00 Falta Info") -> 0 | B31: =IFERROR(VLOOKUP(InteliPar[[#This Row],[Nombre de Articulo]],Productos[],3,FALSE),"00 Falta Info") -> Lacteos | C31: =IFERROR(VLOOKUP(InteliPar[[#This Row],[Nombre de Articulo]],Productos[],2,FALSE),"00 Falta Info") -> Quesos | D31: 46024 | E31: Queso Brie | F31: 1.2 | G31: 112734 | H31: 4.45 | I31: 1 kg | J31: 25356.34 | K31: 1.2 | L31: KG | M31: Bastien | N31: 1.1 | O31: 46010 | P31: 46017 | Q31: 7 | R31: 3 | S31: 0.25 | T31: 46018 | U31: 8 | V31: 2 | W31: 0 | X31: 0 | Y31: 30 | Z31: 47543.137
A32: =IFERROR(VLOOKUP(InteliPar[[#This Row],[Nombre de Articulo]],Productos[],4,FALSE),"00 Falta Info") -> 0 | B32: =IFERROR(VLOOKUP(InteliPar[[#This Row],[Nombre de Articulo]],Productos[],3,FALSE),"00 Falta Info") -> Lacteos | C32: =IFERROR(VLOOKUP(InteliPar[[#This Row],[Nombre de Articulo]],Productos[],2,FALSE),"00 Falta Info") -> Quesos | D32: 46024 | E32: Queso Crema | F32: 5.4 | G32: 90159.6 | H32: 8.85 | I32: 1 kg | J32: 10188.08 | K32: 6.7 | L32: KG | M32: Delicasei SpA | N32: 0 | O32: 46010 | P32: 46017 | Q32: 7 | R32: 3 | S32: 0.25 | T32: 46018 | U32: 8 | V32: 11 | W32: 3 | X32: 30564.24 | Y32: 11 | Z32: 0
A33: =IFERROR(VLOOKUP(InteliPar[[#This Row],[Nombre de Articulo]],Productos[],4,FALSE),"00 Falta Info") -> 0 | B33: =IFERROR(VLOOKUP(InteliPar[[#This Row],[Nombre de Articulo]],Productos[],3,FALSE),"00 Falta Info") -> Lacteos | C33: =IFERROR(VLOOKUP(InteliPar[[#This Row],[Nombre de Articulo]],Productos[],2,FALSE),"00 Falta Info") -> Quesos | D33: 46024 | E33: Queso de Cabra | F33: 5.2 | G33: 32373.8 | H33: 1.78 | I33: 1 kg | J33: 18156.92 | K33: 5.2 | L33: KG | M33: Bastien | N33: 0 | O33: 46010 | P33: 46017 | Q33: 7 | R33: 3 | S33: 0.25 | T33: 46018 | U33: 8 | V33: 9 | W33: 8 | X33: 145255.36 | Y33: 3 | Z33: 0
A34: =IFERROR(VLOOKUP(InteliPar[[#This Row],[Nombre de Articulo]],Productos[],4,FALSE),"00 Falta Info") -> 0 | B34: =IFERROR(VLOOKUP(InteliPar[[#This Row],[Nombre de Articulo]],Productos[],3,FALSE),"00 Falta Info") -> Abarrotes | C34: =IFERROR(VLOOKUP(InteliPar[[#This Row],[Nombre de Articulo]],Productos[],2,FALSE),"00 Falta Info") -> Chocolate | D34: 46024 | E34: Belcolade Bitter | F34: -3.3 | H34: 19.26 | I34: 1 kg | K34: 1.7 | L34: KG | M34: Bastien | N34: 0 | O34: 46010 | P34: 46017 | Q34: 7 | R34: 3 | S34: 0.25 | T34: 46018 | U34: 8 | V34: 3 | W34: 0 | X34: 0 | Y34: 91 | Z34: 0
A35: =IFERROR(VLOOKUP(InteliPar[[#This Row],[Nombre de Articulo]],Productos[],4,FALSE),"00 Falta Info") -> 0 | B35: =IFERROR(VLOOKUP(InteliPar[[#This Row],[Nombre de Articulo]],Productos[],3,FALSE),"00 Falta Info") -> Abarrotes | C35: =IFERROR(VLOOKUP(InteliPar[[#This Row],[Nombre de Articulo]],Productos[],2,FALSE),"00 Falta Info") -> Chocolate | D35: 46024 | E35: Belcolade Blanco | F35: -0.3 | G35: 84419.2 | H35: 8.55 | I35: 1 kg | J35: 9876.29 | K35: 1.2 | L35: KG | M35: Bastien | N35: 0 | O35: 46010 | P35: 46017 | Q35: 7 | R35: 3 | S35: 0.25 | T35: 46018 | U35: 8 | V35: 2 | W35: 0 | X35: 0 | Y35: 57 | Z35: 58517.018
A36: =IFERROR(VLOOKUP(InteliPar[[#This Row],[Nombre de Articulo]],Productos[],4,FALSE),"00 Falta Info") -> 0 | B36: =IFERROR(VLOOKUP(InteliPar[[#This Row],[Nombre de Articulo]],Productos[],3,FALSE),"00 Falta Info") -> Abarrotes | C36: =IFERROR(VLOOKUP(InteliPar[[#This Row],[Nombre de Articulo]],Productos[],2,FALSE),"00 Falta Info") -> Chocolate | D36: 46024 | E36: Belcolade De Leche | F36: -1.3 | H36: 10.31 | I36: 1 kg | K36: 0.3 | L36: KG | M36: Bastien | N36: 0 | O36: 46010 | P36: 46017 | Q36: 7 | R36: 3 | S36: 0.25 | T36: 46018 | U36: 8 | V36: 1 | W36: 0 | X36: 0 | Y36: 275 | Z36: 0
A37: =IFERROR(VLOOKUP(InteliPar[[#This Row],[Nombre de Articulo]],Productos[],4,FALSE),"00 Falta Info") -> 0 | B37: =IFERROR(VLOOKUP(InteliPar[[#This Row],[Nombre de Articulo]],Productos[],3,FALSE),"00 Falta Info") -> Abarrotes | C37: =IFERROR(VLOOKUP(InteliPar[[#This Row],[Nombre de Articulo]],Productos[],2,FALSE),"00 Falta Info") -> Aceite | D37: 46024 | E37: Aceite Vegetal 900ml | F37: 10 | G37: 41494.7 | H37: 26 | I37: 1 | J37: 1595.95 | K37: 10 | L37: BOTTLE | M37: Bastien | N37: 36 | O37: 46010 | P37: 46017 | Q37: 7 | R37: 3 | S37: 0.25 | T37: 46018 | U37: 8 | V37: 16 | W37: 0 | X37: 0 | Y37: 21 | Z37: 6982.2812
A38: =IFERROR(VLOOKUP(InteliPar[[#This Row],[Nombre de Articulo]],Productos[],4,FALSE),"00 Falta Info") -> 0 | B38: =IFERROR(VLOOKUP(InteliPar[[#This Row],[Nombre de Articulo]],Productos[],3,FALSE),"00 Falta Info") -> Verduras | C38: =IFERROR(VLOOKUP(InteliPar[[#This Row],[Nombre de Articulo]],Productos[],2,FALSE),"00 Falta Info") -> Champiñon | D38: 46024 | E38: ChampiÃ±on Ostra | F38: 1.3 | G38: 50834.5 | H38: 2.68 | I38: 1 kg | J38: 19000 | K38: 2.4 | L38: KG | M38: Transyver SPA | N38: 2.8 | O38: 46010 | P38: 46017 | Q38: 7 | R38: 3 | S38: 0.25 | T38: 46018 | U38: 8 | V38: 4 | W38: 2 | X38: 38000 | Y38: 9 | Z38: 0
A39: =IFERROR(VLOOKUP(InteliPar[[#This Row],[Nombre de Articulo]],Productos[],4,FALSE),"00 Falta Info") -> 0 | B39: =IFERROR(VLOOKUP(InteliPar[[#This Row],[Nombre de Articulo]],Productos[],3,FALSE),"00 Falta Info") -> Verduras | C39: =IFERROR(VLOOKUP(InteliPar[[#This Row],[Nombre de Articulo]],Productos[],2,FALSE),"00 Falta Info") -> Champiñon | D39: 46024 | E39: ChampiÃ±on Portobello | F39: 0.3 | G39: 13513.5 | H39: 1.04 | I39: 1 kg | J39: 13000 | K39: 1.3 | L39: KG | M39: Transyver SPA | N39: 0 | O39: 46010 | P39: 46017 | Q39: 7 | R39: 3 | S39: 0.25 | T39: 46018 | U39: 8 | V39: 3 | W39: 2 | X39: 26000 | Y39: 6 | Z39: 0
A40: =IFERROR(VLOOKUP(InteliPar[[#This Row],[Nombre de Articulo]],Productos[],4,FALSE),"00 Falta Info") -> 0 | B40: =IFERROR(VLOOKUP(InteliPar[[#This Row],[Nombre de Articulo]],Productos[],3,FALSE),"00 Falta Info") -> Verduras | C40: =IFERROR(VLOOKUP(InteliPar[[#This Row],[Nombre de Articulo]],Productos[],2,FALSE),"00 Falta Info") -> Palta | D40: 46024 | E40: Palta Hass | F40: 21.5 | G40: 56148.7 | H40: 12.48 | I40: 1 kg | J40: 4500 | K40: 25.3 | L40: KG | M40: Transyver SPA | N40: 26.3 | O40: 46010 | P40: 46017 | Q40: 7 | R40: 3 | S40: 0.25 | T40: 46018 | U40: 8 | V40: 40 | W40: 28 | X40: 126000 | Y40: 4 | Z40: 0
A41: =IFERROR(VLOOKUP(InteliPar[[#This Row],[Nombre de Articulo]],Productos[],4,FALSE),"00 Falta Info") -> 0 | B41: =IFERROR(VLOOKUP(InteliPar[[#This Row],[Nombre de Articulo]],Productos[],3,FALSE),"00 Falta Info") -> Postres | C41: =IFERROR(VLOOKUP(InteliPar[[#This Row],[Nombre de Articulo]],Productos[],2,FALSE),"00 Falta Info") -> Tortas | D41: 46024 | E41: Cheesecake clasico | F41: 43 | G41: 19800 | H41: 18 | I41: 1 | J41: 1100 | K41: 43 | L41: UNI | M41: Pasteleria Bardot | N41: 32 | O41: 46010 | P41: 46017 | Q41: 7 | R41: 3 | S41: 0.25 | T41: 46018 | U41: 8 | V41: 68 | W41: 50 | X41: 55000 | Y41: 3 | Z41: 0
A42: =IFERROR(VLOOKUP(InteliPar[[#This Row],[Nombre de Articulo]],Productos[],4,FALSE),"00 Falta Info") -> 0 | B42: =IFERROR(VLOOKUP(InteliPar[[#This Row],[Nombre de Articulo]],Productos[],3,FALSE),"00 Falta Info") -> Postres | C42: =IFERROR(VLOOKUP(InteliPar[[#This Row],[Nombre de Articulo]],Productos[],2,FALSE),"00 Falta Info") -> Tortas | D42: 46024 | E42: Galleta new york | F42: 22 | G42: 49973 | H42: 59 | I42: 1 | J42: 847 | K42: 43.7 | L42: UNI | M42: Pasteleria Bardot | N42: 37 | O42: 46010 | P42: 46017 | Q42: 7 | R42: 3 | S42: 0.25 | T42: 46018 | U42: 8 | V42: 69 | W42: 10 | X42: 8470 | Y42: 11 | Z42: 0
A43: =IFERROR(VLOOKUP(InteliPar[[#This Row],[Nombre de Articulo]],Productos[],4,FALSE),"00 Falta Info") -> 0 | B43: =IFERROR(VLOOKUP(InteliPar[[#This Row],[Nombre de Articulo]],Productos[],3,FALSE),"00 Falta Info") -> Postres | C43: =IFERROR(VLOOKUP(InteliPar[[#This Row],[Nombre de Articulo]],Productos[],2,FALSE),"00 Falta Info") -> Tortas | D43: 46024 | E43: Mini Cheesecake | F43: 115 | I43: 1 | J43: 294 | K43: 397.3 | L43: UNI | M43: Pasteleria Bardot | N43: 0 | O43: 46010 | P43: 46017 | Q43: 7 | R43: 3 | S43: 0.25 | T43: 46018 | U43: 8 | V43: 621 | W43: 621 | X43: 182574 | Y43: 0 | Z43: 0
A44: =IFERROR(VLOOKUP(InteliPar[[#This Row],[Nombre de Articulo]],Productos[],4,FALSE),"00 Falta Info") -> 0 | B44: =IFERROR(VLOOKUP(InteliPar[[#This Row],[Nombre de Articulo]],Productos[],3,FALSE),"00 Falta Info") -> Postres | C44: =IFERROR(VLOOKUP(InteliPar[[#This Row],[Nombre de Articulo]],Productos[],2,FALSE),"00 Falta Info") -> Tortas | D44: 46024 | E44: Mini Galleta New York | G44: 4452 | H44: 14 | I44: 1 | J44: 318 | K44: 212.1 | L44: UNI | M44: Pasteleria Bardot | N44: 0 | O44: 46010 | P44: 46017 | Q44: 7 | R44: 3 | S44: 0.25 | T44: 46018 | U44: 8 | V44: 332 | W44: 318 | X44: 101124 | Y44: 1 | Z44: 0
A45: =IFERROR(VLOOKUP(InteliPar[[#This Row],[Nombre de Articulo]],Productos[],4,FALSE),"00 Falta Info") -> 0 | B45: =IFERROR(VLOOKUP(InteliPar[[#This Row],[Nombre de Articulo]],Productos[],3,FALSE),"00 Falta Info") -> Postres | C45: =IFERROR(VLOOKUP(InteliPar[[#This Row],[Nombre de Articulo]],Productos[],2,FALSE),"00 Falta Info") -> Tortas | D45: 46024 | E45: Mousse manjar y chocolate | F45: 30 | G45: 27600 | H45: 23 | I45: 1 | J45: 1200 | K45: 37.3 | L45: UNI | M45: Pasteleria Bardot | N45: 40 | O45: 46010 | P45: 46017 | Q45: 7 | R45: 3 | S45: 0.25 | T45: 46018 | U45: 8 | V45: 59 | W45: 36 | X45: 43200 | Y45: 5 | Z45: 0
A46: =IFERROR(VLOOKUP(InteliPar[[#This Row],[Nombre de Articulo]],Productos[],4,FALSE),"00 Falta Info") -> 0 | B46: =IFERROR(VLOOKUP(InteliPar[[#This Row],[Nombre de Articulo]],Productos[],3,FALSE),"00 Falta Info") -> Postres | C46: =IFERROR(VLOOKUP(InteliPar[[#This Row],[Nombre de Articulo]],Productos[],2,FALSE),"00 Falta Info") -> Tortas | D46: 46024 | E46: Pavlova | F46: 12 | G46: 19000 | H46: 19 | I46: 1 | J46: 1000 | K46: 25.7 | L46: UNI | M46: Pasteleria Bardot | N46: 24 | O46: 46010 | P46: 46017 | Q46: 7 | R46: 3 | S46: 0.25 | T46: 46018 | U46: 8 | V46: 41 | W46: 22 | X46: 22000 | Y46: 6 | Z46: 0
A47: =IFERROR(VLOOKUP(InteliPar[[#This Row],[Nombre de Articulo]],Productos[],4,FALSE),"00 Falta Info") -> 0 | B47: =IFERROR(VLOOKUP(InteliPar[[#This Row],[Nombre de Articulo]],Productos[],3,FALSE),"00 Falta Info") -> Postres | C47: =IFERROR(VLOOKUP(InteliPar[[#This Row],[Nombre de Articulo]],Productos[],2,FALSE),"00 Falta Info") -> Tortas | D47: 46024 | E47: Tartaleta de mango maracuya | F47: 17 | G47: 20800 | H47: 16 | I47: 1 | J47: 1300 | K47: 27 | L47: UNI | M47: Pasteleria Bardot | N47: 21 | O47: 46010 | P47: 46017 | Q47: 7 | R47: 3 | S47: 0.25 | T47: 46018 | U47: 8 | V47: 43 | W47: 27 | X47: 35100 | Y47: 5 | Z47: 0
A48: =IFERROR(VLOOKUP(InteliPar[[#This Row],[Nombre de Articulo]],Productos[],4,FALSE),"00 Falta Info") -> 0 | B48: =IFERROR(VLOOKUP(InteliPar[[#This Row],[Nombre de Articulo]],Productos[],3,FALSE),"00 Falta Info") -> Colación | C48: =IFERROR(VLOOKUP(InteliPar[[#This Row],[Nombre de Articulo]],Productos[],2,FALSE),"00 Falta Info") -> Colacion | D48: 46024 | E48: Asiento Colacion | I48: 1 kg | K48: 13.1 | L48: KG | M48: Servicios y Rentas G.V. SpA | N48: 0 | O48: 46010 | P48: 46017 | Q48: 7 | R48: 3 | S48: 0.25 | T48: 46018 | U48: 8 | V48: 21 | W48: 21 | X48: 0 | Y48: 0 | Z48: 0
A49: =IFERROR(VLOOKUP(InteliPar[[#This Row],[Nombre de Articulo]],Productos[],4,FALSE),"00 Falta Info") -> 0 | B49: =IFERROR(VLOOKUP(InteliPar[[#This Row],[Nombre de Articulo]],Productos[],3,FALSE),"00 Falta Info") -> Colación | C49: =IFERROR(VLOOKUP(InteliPar[[#This Row],[Nombre de Articulo]],Productos[],2,FALSE),"00 Falta Info") -> Colacion | D49: 46024 | E49: Carne Molida ColaciÃ³n | F49: 0.2 | G49: 53300 | H49: 10.25 | I49: 1 kg | J49: 5200 | K49: 5.2 | L49: KG | M49: Sociedad bravo y hermanos limitada | N49: 10.4 | O49: 46010 | P49: 46017 | Q49: 7 | R49: 3 | S49: 0.25 | T49: 46018 | U49: 8 | V49: 9 | W49: 0 | X49: 0 | Y49: 16 | Z49: 0
A50: =IFERROR(VLOOKUP(InteliPar[[#This Row],[Nombre de Articulo]],Productos[],4,FALSE),"00 Falta Info") -> 0 | B50: =IFERROR(VLOOKUP(InteliPar[[#This Row],[Nombre de Articulo]],Productos[],3,FALSE),"00 Falta Info") -> Colación | C50: =IFERROR(VLOOKUP(InteliPar[[#This Row],[Nombre de Articulo]],Productos[],2,FALSE),"00 Falta Info") -> Colacion | D50: 46024 | E50: Huachalomo Colacion | F50: 18.5 | G50: 163566 | H50: 23.4 | I50: 1 kg | J50: 6990 | K50: 9.2 | L50: KG | M50: Sociedad bravo y hermanos limitada | N50: 23.4 | O50: 46010 | P50: 46017 | Q50: 7 | R50: 3 | S50: 0.25 | T50: 46018 | U50: 8 | V50: 15 | W50: 0 | X50: 0 | Y50: 20 | Z50: 20096.25
A51: =IFERROR(VLOOKUP(InteliPar[[#This Row],[Nombre de Articulo]],Productos[],4,FALSE),"00 Falta Info") -> 0 | B51: =IFERROR(VLOOKUP(InteliPar[[#This Row],[Nombre de Articulo]],Productos[],3,FALSE),"00 Falta Info") -> Colación | C51: =IFERROR(VLOOKUP(InteliPar[[#This Row],[Nombre de Articulo]],Productos[],2,FALSE),"00 Falta Info") -> Colacion | D51: 46024 | E51: Pulpa de Cerdo ColaciÃ³n | F51: 42.3 | G51: 29127 | H51: 7.3 | I51: 1 kg | J51: 3990 | K51: 22.4 | L51: KG | M51: Sociedad bravo y hermanos limitada | N51: 17.7 | O51: 46010 | P51: 46017 | Q51: 7 | R51: 3 | S51: 0.25 | T51: 46018 | U51: 8 | V51: 35 | W51: 28 | X51: 111720 | Y51: 3 | Z51: 0
A52: =IFERROR(VLOOKUP(InteliPar[[#This Row],[Nombre de Articulo]],Productos[],4,FALSE),"00 Falta Info") -> 0 | B52: =IFERROR(VLOOKUP(InteliPar[[#This Row],[Nombre de Articulo]],Productos[],3,FALSE),"00 Falta Info") -> Colación | C52: =IFERROR(VLOOKUP(InteliPar[[#This Row],[Nombre de Articulo]],Productos[],2,FALSE),"00 Falta Info") -> Colacion | D52: 46024 | E52: Truto Colacion | F52: 21.9 | G52: 66267.7 | H52: 22.93 | I52: 1 kg | J52: 2890 | K52: 30.9 | L52: KG | M52: Sociedad bravo y hermanos limitada | N52: 22.9 | O52: 46010 | P52: 46017 | Q52: 7 | R52: 3 | S52: 0.25 | T52: 46018 | U52: 8 | V52: 49 | W52: 27 | X52: 78030 | Y52: 6 | Z52: 0
A53: =IFERROR(VLOOKUP(InteliPar[[#This Row],[Nombre de Articulo]],Productos[],4,FALSE),"00 Falta Info") -> 0 | B53: =IFERROR(VLOOKUP(InteliPar[[#This Row],[Nombre de Articulo]],Productos[],3,FALSE),"00 Falta Info") -> Aves | C53: =IFERROR(VLOOKUP(InteliPar[[#This Row],[Nombre de Articulo]],Productos[],2,FALSE),"00 Falta Info") -> Pollo | D53: 46029 | E53: Pechuga Deshuesada | F53: 4.1 | G53: 92749.9 | H53: 17.6 | I53: 1 kg | J53: 5269.88 | K53: 6.7 | L53: KG | M53: Sociedad bravo y hermanos limitada | N53: 0 | O53: 46018 | P53: 46024 | Q53: 7 | R53: 3 | S53: 0.25 | T53: #REF! | U53: #REF! | V53: #REF! | W53: #REF! | X53: #REF! | Y53: 0 | Z53: #REF!
A54: =IFERROR(VLOOKUP(InteliPar[[#This Row],[Nombre de Articulo]],Productos[],4,FALSE),"00 Falta Info") -> 0 | B54: =IFERROR(VLOOKUP(InteliPar[[#This Row],[Nombre de Articulo]],Productos[],3,FALSE),"00 Falta Info") -> Carnes | C54: =IFERROR(VLOOKUP(InteliPar[[#This Row],[Nombre de Articulo]],Productos[],2,FALSE),"00 Falta Info") -> Vacuno | D54: 46029 | E54: Asado de Tira | F54: 0.7 | G54: 249444 | H54: 15.6 | I54: 1 kg | J54: 15990 | K54: 0.7 | L54: KG | M54: Frigorifico de Osorno S.A. | N54: 0 | O54: 46018 | P54: 46024 | Q54: 7 | R54: 3 | S54: 0.25 | T54: #REF! | U54: #REF! | V54: #REF! | W54: #REF! | X54: #REF! | Y54: 0 | Z54: #REF!
A55: =IFERROR(VLOOKUP(InteliPar[[#This Row],[Nombre de Articulo]],Productos[],4,FALSE),"00 Falta Info") -> 0 | B55: =IFERROR(VLOOKUP(InteliPar[[#This Row],[Nombre de Articulo]],Productos[],3,FALSE),"00 Falta Info") -> Carnes | C55: =IFERROR(VLOOKUP(InteliPar[[#This Row],[Nombre de Articulo]],Productos[],2,FALSE),"00 Falta Info") -> Vacuno | D55: 46029 | E55: EntraÃ±a | F55: 41.8 | G55: 568378 | H55: 81.78 | I55: 200 g | J55: 6950.51 | K55: 161.1 | L55: UNI | M55: Frigorifico de Osorno S.A. | N55: 0 | O55: 46018 | P55: 46024 | Q55: 7 | R55: 3 | S55: 0.25 | T55: #REF! | U55: #REF! | V55: #REF! | W55: #REF! | X55: #REF! | Y55: 0 | Z55: #REF!
A56: =IFERROR(VLOOKUP(InteliPar[[#This Row],[Nombre de Articulo]],Productos[],4,FALSE),"00 Falta Info") -> 0 | B56: =IFERROR(VLOOKUP(InteliPar[[#This Row],[Nombre de Articulo]],Productos[],3,FALSE),"00 Falta Info") -> Carnes | C56: =IFERROR(VLOOKUP(InteliPar[[#This Row],[Nombre de Articulo]],Productos[],2,FALSE),"00 Falta Info") -> Vacuno | D56: 46029 | E56: Filete | F56: 8.1 | G56: 708086 | H56: 50.88 | I56: 1 kg | J56: 13915.87 | K56: 20.3 | L56: KG | M56: Frigorifico de Osorno S.A. | N56: 22.5 | O56: 46018 | P56: 46024 | Q56: 7 | R56: 3 | S56: 0.25 | T56: #REF! | U56: #REF! | V56: #REF! | W56: #REF! | X56: #REF! | Y56: 0 | Z56: #REF!
A57: =IFERROR(VLOOKUP(InteliPar[[#This Row],[Nombre de Articulo]],Productos[],4,FALSE),"00 Falta Info") -> 0 | B57: =IFERROR(VLOOKUP(InteliPar[[#This Row],[Nombre de Articulo]],Productos[],3,FALSE),"00 Falta Info") -> Carnes | C57: =IFERROR(VLOOKUP(InteliPar[[#This Row],[Nombre de Articulo]],Productos[],2,FALSE),"00 Falta Info") -> Vacuno | D57: 46029 | E57: Filete Baston | I57: 1 kg | K57: 10 | L57: KG | M57: Natural Food Services SPA | N57: 0 | O57: 46018 | P57: 46024 | Q57: 7 | R57: 3 | S57: 0.25 | T57: #REF! | U57: #REF! | V57: #REF! | W57: #REF! | X57: #REF! | Y57: 0 | Z57: #REF!
A58: =IFERROR(VLOOKUP(InteliPar[[#This Row],[Nombre de Articulo]],Productos[],4,FALSE),"00 Falta Info") -> 0 | B58: =IFERROR(VLOOKUP(InteliPar[[#This Row],[Nombre de Articulo]],Productos[],3,FALSE),"00 Falta Info") -> Carnes | C58: =IFERROR(VLOOKUP(InteliPar[[#This Row],[Nombre de Articulo]],Productos[],2,FALSE),"00 Falta Info") -> Vacuno | D58: 46029 | E58: Filete Medallon | F58: 58.8 | G58: 748049 | H58: 191.71 | I58: 200 g | J58: 3902.07 | K58: 58.8 | L58: UNI | M58: Alimentos San Martin SPA | N58: 0 | O58: 46018 | P58: 46024 | Q58: 7 | R58: 3 | S58: 0.25 | T58: #REF! | U58: #REF! | V58: #REF! | W58: #REF! | X58: #REF! | Y58: 0 | Z58: #REF!
A59: =IFERROR(VLOOKUP(InteliPar[[#This Row],[Nombre de Articulo]],Productos[],4,FALSE),"00 Falta Info") -> 0 | B59: =IFERROR(VLOOKUP(InteliPar[[#This Row],[Nombre de Articulo]],Productos[],3,FALSE),"00 Falta Info") -> Carnes | C59: =IFERROR(VLOOKUP(InteliPar[[#This Row],[Nombre de Articulo]],Productos[],2,FALSE),"00 Falta Info") -> Vacuno | D59: 46029 | E59: Mechada EntraÃ±a | F59: -0.2 | G59: 166050 | H59: 20.25 | I59: 1 kg | J59: 8200 | K59: -0.1 | L59: KG | M59: Natural Food Services SPA | N59: 0 | O59: 46018 | P59: 46024 | Q59: 7 | R59: 3 | S59: 0.25 | T59: #REF! | U59: #REF! | V59: #REF! | W59: #REF! | X59: #REF! | Y59: 0 | Z59: #REF!
A60: =IFERROR(VLOOKUP(InteliPar[[#This Row],[Nombre de Articulo]],Productos[],4,FALSE),"00 Falta Info") -> 0 | B60: =IFERROR(VLOOKUP(InteliPar[[#This Row],[Nombre de Articulo]],Productos[],3,FALSE),"00 Falta Info") -> Carnes | C60: =IFERROR(VLOOKUP(InteliPar[[#This Row],[Nombre de Articulo]],Productos[],2,FALSE),"00 Falta Info") -> Vacuno | D60: 46029 | E60: Plateada | F60: 5.2 | G60: 112353 | H60: 9.41 | I60: 1 kg | J60: 11933.7 | K60: 45.7 | L60: KG | M60: Frigorifico de Osorno S.A. | N60: 0 | O60: 46018 | P60: 46024 | Q60: 7 | R60: 3 | S60: 0.25 | T60: #REF! | U60: #REF! | V60: #REF! | W60: #REF! | X60: #REF! | Y60: 0 | Z60: #REF!
A61: =IFERROR(VLOOKUP(InteliPar[[#This Row],[Nombre de Articulo]],Productos[],4,FALSE),"00 Falta Info") -> 0 | B61: =IFERROR(VLOOKUP(InteliPar[[#This Row],[Nombre de Articulo]],Productos[],3,FALSE),"00 Falta Info") -> Carnes | C61: =IFERROR(VLOOKUP(InteliPar[[#This Row],[Nombre de Articulo]],Productos[],2,FALSE),"00 Falta Info") -> Vacuno | D61: 46029 | E61: Plateada al jugo 200 gr | F61: 122.2 | G61: 488190 | H61: 162.73 | I61: 200 g | J61: 3000 | K61: 38.5 | L61: EACH | M61: Natural Food Services SPA | N61: 120 | O61: 46018 | P61: 46024 | Q61: 7 | R61: 3 | S61: 0.25 | T61: #REF! | U61: #REF! | V61: #REF! | W61: #REF! | X61: #REF! | Y61: 0 | Z61: #REF!
A62: =IFERROR(VLOOKUP(InteliPar[[#This Row],[Nombre de Articulo]],Productos[],4,FALSE),"00 Falta Info") -> 0 | B62: =IFERROR(VLOOKUP(InteliPar[[#This Row],[Nombre de Articulo]],Productos[],3,FALSE),"00 Falta Info") -> Pescado | C62: =IFERROR(VLOOKUP(InteliPar[[#This Row],[Nombre de Articulo]],Productos[],2,FALSE),"00 Falta Info") -> Pescado | D62: 46029 | E62: Atun Steak | F62: 9 | G62: 251105 | H62: 26.29 | I62: 1 kg | J62: 9550 | K62: 23.4 | L62: KG | M62: South Wind | N62: 15 | O62: 46018 | P62: 46024 | Q62: 7 | R62: 3 | S62: 0.25 | T62: #REF! | U62: #REF! | V62: #REF! | W62: #REF! | X62: #REF! | Y62: 0 | Z62: #REF!
A63: =IFERROR(VLOOKUP(InteliPar[[#This Row],[Nombre de Articulo]],Productos[],4,FALSE),"00 Falta Info") -> 0 | B63: =IFERROR(VLOOKUP(InteliPar[[#This Row],[Nombre de Articulo]],Productos[],3,FALSE),"00 Falta Info") -> Pescado | C63: =IFERROR(VLOOKUP(InteliPar[[#This Row],[Nombre de Articulo]],Productos[],2,FALSE),"00 Falta Info") -> Pescado | D63: 46029 | E63: Corvina | F63: 37.5 | G63: 314934 | H63: 39.42 | I63: 1 kg | J63: 7990 | K63: 37.5 | L63: KG | M63: Delicias del Mar de Matias SPA | N63: 55.2 | O63: 46018 | P63: 46024 | Q63: 7 | R63: 3 | S63: 0.25 | T63: #REF! | U63: #REF! | V63: #REF! | W63: #REF! | X63: #REF! | Y63: 0 | Z63: #REF!
A64: =IFERROR(VLOOKUP(InteliPar[[#This Row],[Nombre de Articulo]],Productos[],4,FALSE),"00 Falta Info") -> 0 | B64: =IFERROR(VLOOKUP(InteliPar[[#This Row],[Nombre de Articulo]],Productos[],3,FALSE),"00 Falta Info") -> Pescado | C64: =IFERROR(VLOOKUP(InteliPar[[#This Row],[Nombre de Articulo]],Productos[],2,FALSE),"00 Falta Info") -> Pescado | D64: 46029 | E64: Palometa | I64: 1 kg | K64: 43.1 | L64: KG | M64: Delicias del Mar de Matias SPA | N64: 0 | O64: 46018 | P64: 46024 | Q64: 7 | R64: 3 | S64: 0.25 | T64: #REF! | U64: #REF! | V64: #REF! | W64: #REF! | X64: #REF! | Y64: 0 | Z64: #REF!
A65: =IFERROR(VLOOKUP(InteliPar[[#This Row],[Nombre de Articulo]],Productos[],4,FALSE),"00 Falta Info") -> 0 | B65: =IFERROR(VLOOKUP(InteliPar[[#This Row],[Nombre de Articulo]],Productos[],3,FALSE),"00 Falta Info") -> Pescado | C65: =IFERROR(VLOOKUP(InteliPar[[#This Row],[Nombre de Articulo]],Productos[],2,FALSE),"00 Falta Info") -> Pescado | D65: 46029 | E65: Salmon | F65: 14.8 | G65: 189892 | H65: 19.06 | I65: 1 kg | J65: 9961.7 | K65: 14.8 | L65: KG | M65: South Wind | N65: 0 | O65: 46018 | P65: 46024 | Q65: 7 | R65: 3 | S65: 0.25 | T65: #REF! | U65: #REF! | V65: #REF! | W65: #REF! | X65: #REF! | Y65: 0 | Z65: #REF!
A66: =IFERROR(VLOOKUP(InteliPar[[#This Row],[Nombre de Articulo]],Productos[],4,FALSE),"00 Falta Info") -> 0 | B66: =IFERROR(VLOOKUP(InteliPar[[#This Row],[Nombre de Articulo]],Productos[],3,FALSE),"00 Falta Info") -> Mariscos | C66: =IFERROR(VLOOKUP(InteliPar[[#This Row],[Nombre de Articulo]],Productos[],2,FALSE),"00 Falta Info") -> Mariscos | D66: 46029 | E66: Almejas | F66: 18.6 | G66: 30164.4 | H66: 9.91 | I66: 1 kg | J66: 3043.07 | K66: 5.8 | L66: KG | M66: Comercial Valenzuela CompaÃ±ia Limitada | N66: 0 | O66: 46018 | P66: 46024 | Q66: 7 | R66: 3 | S66: 0.25 | T66: #REF! | U66: #REF! | V66: #REF! | W66: #REF! | X66: #REF! | Y66: 0 | Z66: #REF!
A67: =IFERROR(VLOOKUP(InteliPar[[#This Row],[Nombre de Articulo]],Productos[],4,FALSE),"00 Falta Info") -> 0 | B67: =IFERROR(VLOOKUP(InteliPar[[#This Row],[Nombre de Articulo]],Productos[],3,FALSE),"00 Falta Info") -> Mariscos | C67: =IFERROR(VLOOKUP(InteliPar[[#This Row],[Nombre de Articulo]],Productos[],2,FALSE),"00 Falta Info") -> Mariscos | D67: 46029 | E67: Camaron 36/40 Sin cascara | F67: 2.1 | G67: 125582 | H67: 16.58 | I67: 1 kg | J67: 7573.93 | K67: 13.7 | L67: KG | M67: South Wind | N67: 0 | O67: 46018 | P67: 46024 | Q67: 7 | R67: 3 | S67: 0.25 | T67: #REF! | U67: #REF! | V67: #REF! | W67: #REF! | X67: #REF! | Y67: 0 | Z67: #REF!
A68: =IFERROR(VLOOKUP(InteliPar[[#This Row],[Nombre de Articulo]],Productos[],4,FALSE),"00 Falta Info") -> 0 | B68: =IFERROR(VLOOKUP(InteliPar[[#This Row],[Nombre de Articulo]],Productos[],3,FALSE),"00 Falta Info") -> Mariscos | C68: =IFERROR(VLOOKUP(InteliPar[[#This Row],[Nombre de Articulo]],Productos[],2,FALSE),"00 Falta Info") -> Mariscos | D68: 46029 | E68: Langostino | F68: -0.6 | G68: 305976 | H68: 24.39 | I68: 1 kg | J68: 12546 | K68: 23.1 | L68: KG | M68: South Wind | N68: 0 | O68: 46018 | P68: 46024 | Q68: 7 | R68: 3 | S68: 0.25 | T68: #REF! | U68: #REF! | V68: #REF! | W68: #REF! | X68: #REF! | Y68: 0 | Z68: #REF!
A69: =IFERROR(VLOOKUP(InteliPar[[#This Row],[Nombre de Articulo]],Productos[],4,FALSE),"00 Falta Info") -> 0 | B69: =IFERROR(VLOOKUP(InteliPar[[#This Row],[Nombre de Articulo]],Productos[],3,FALSE),"00 Falta Info") -> Mariscos | C69: =IFERROR(VLOOKUP(InteliPar[[#This Row],[Nombre de Articulo]],Productos[],2,FALSE),"00 Falta Info") -> Mariscos | D69: 46029 | E69: Locos | F69: 3 | G69: 825416 | H69: 35.19 | I69: 1 kg | J69: 23458.77 | K69: 7.2 | L69: KG | M69: Aldo Luis ZuÃ±iga Ayala | N69: 6 | O69: 46018 | P69: 46024 | Q69: 7 | R69: 3 | S69: 0.25 | T69: #REF! | U69: #REF! | V69: #REF! | W69: #REF! | X69: #REF! | Y69: 0 | Z69: #REF!
A70: =IFERROR(VLOOKUP(InteliPar[[#This Row],[Nombre de Articulo]],Productos[],4,FALSE),"00 Falta Info") -> 0 | B70: =IFERROR(VLOOKUP(InteliPar[[#This Row],[Nombre de Articulo]],Productos[],3,FALSE),"00 Falta Info") -> Mariscos | C70: =IFERROR(VLOOKUP(InteliPar[[#This Row],[Nombre de Articulo]],Productos[],2,FALSE),"00 Falta Info") -> Mariscos | D70: 46029 | E70: Ostion | F70: -0.2 | G70: 331419 | H70: 21.66 | I70: 1 kg | J70: 15300 | K70: 4.8 | L70: KG | M70: South Wind | N70: 0 | O70: 46018 | P70: 46024 | Q70: 7 | R70: 3 | S70: 0.25 | T70: #REF! | U70: #REF! | V70: #REF! | W70: #REF! | X70: #REF! | Y70: 0 | Z70: #REF!
A71: =IFERROR(VLOOKUP(InteliPar[[#This Row],[Nombre de Articulo]],Productos[],4,FALSE),"00 Falta Info") -> 0 | B71: =IFERROR(VLOOKUP(InteliPar[[#This Row],[Nombre de Articulo]],Productos[],3,FALSE),"00 Falta Info") -> Mariscos | C71: =IFERROR(VLOOKUP(InteliPar[[#This Row],[Nombre de Articulo]],Productos[],2,FALSE),"00 Falta Info") -> Mariscos | D71: 46029 | E71: Ostion sin concha | G71: 44700 | H71: 3 | I71: 1 kg | J71: 14900 | K71: 1.2 | L71: KG | M71: South Wind | N71: 0 | O71: 46018 | P71: 46024 | Q71: 7 | R71: 3 | S71: 0.25 | T71: #REF! | U71: #REF! | V71: #REF! | W71: #REF! | X71: #REF! | Y71: 0 | Z71: #REF!
A72: =IFERROR(VLOOKUP(InteliPar[[#This Row],[Nombre de Articulo]],Productos[],4,FALSE),"00 Falta Info") -> 0 | B72: =IFERROR(VLOOKUP(InteliPar[[#This Row],[Nombre de Articulo]],Productos[],3,FALSE),"00 Falta Info") -> Mariscos | C72: =IFERROR(VLOOKUP(InteliPar[[#This Row],[Nombre de Articulo]],Productos[],2,FALSE),"00 Falta Info") -> Mariscos | D72: 46029 | E72: Ostras | F72: 8.6 | G72: 84393.4 | H72: 5.82 | I72: 1 kg | J72: 14495.8 | K72: 3.7 | L72: KG | M72: Comercial Valenzuela CompaÃ±ia Limitada | N72: 13.2 | O72: 46018 | P72: 46024 | Q72: 7 | R72: 3 | S72: 0.25 | T72: #REF! | U72: #REF! | V72: #REF! | W72: #REF! | X72: #REF! | Y72: 0 | Z72: #REF!
A73: =IFERROR(VLOOKUP(InteliPar[[#This Row],[Nombre de Articulo]],Productos[],4,FALSE),"00 Falta Info") -> 0 | B73: =IFERROR(VLOOKUP(InteliPar[[#This Row],[Nombre de Articulo]],Productos[],3,FALSE),"00 Falta Info") -> Mariscos | C73: =IFERROR(VLOOKUP(InteliPar[[#This Row],[Nombre de Articulo]],Productos[],2,FALSE),"00 Falta Info") -> Mariscos | D73: 46029 | E73: Pulpo | F73: 6.9 | G73: 53915.9 | H73: 5.83 | I73: 1 kg | J73: 9250.65 | K73: 13 | L73: KG | M73: Aldo Luis ZuÃ±iga Ayala | N73: 0 | O73: 46018 | P73: 46024 | Q73: 7 | R73: 3 | S73: 0.25 | T73: #REF! | U73: #REF! | V73: #REF! | W73: #REF! | X73: #REF! | Y73: 0 | Z73: #REF!
A74: =IFERROR(VLOOKUP(InteliPar[[#This Row],[Nombre de Articulo]],Productos[],4,FALSE),"00 Falta Info") -> 0 | B74: =IFERROR(VLOOKUP(InteliPar[[#This Row],[Nombre de Articulo]],Productos[],3,FALSE),"00 Falta Info") -> Embutidos | C74: =IFERROR(VLOOKUP(InteliPar[[#This Row],[Nombre de Articulo]],Productos[],2,FALSE),"00 Falta Info") -> Embutidos | D74: 46029 | E74: Jamon Serrano | F74: 1.9 | G74: 150565 | H74: 6.55 | I74: 1 kg | J74: 22980 | K74: 6.1 | L74: KG | M74: Delicasei SpA | N74: 0 | O74: 46018 | P74: 46024 | Q74: 7 | R74: 3 | S74: 0.25 | T74: #REF! | U74: #REF! | V74: #REF! | W74: #REF! | X74: #REF! | Y74: 0 | Z74: #REF!
A75: =IFERROR(VLOOKUP(InteliPar[[#This Row],[Nombre de Articulo]],Productos[],4,FALSE),"00 Falta Info") -> 0 | B75: =IFERROR(VLOOKUP(InteliPar[[#This Row],[Nombre de Articulo]],Productos[],3,FALSE),"00 Falta Info") -> Embutidos | C75: =IFERROR(VLOOKUP(InteliPar[[#This Row],[Nombre de Articulo]],Productos[],2,FALSE),"00 Falta Info") -> Embutidos | D75: 46029 | E75: Pepperoni | F75: 1 | G75: 59872.3 | H75: 5.76 | I75: 1 kg | J75: 10387.28 | K75: 1.4 | L75: KG | M75: Importadora y Alimentos ICB Food Service Ltda | N75: 0 | O75: 46018 | P75: 46024 | Q75: 7 | R75: 3 | S75: 0.25 | T75: #REF! | U75: #REF! | V75: #REF! | W75: #REF! | X75: #REF! | Y75: 0 | Z75: #REF!
A76: =IFERROR(VLOOKUP(InteliPar[[#This Row],[Nombre de Articulo]],Productos[],4,FALSE),"00 Falta Info") -> 0 | B76: =IFERROR(VLOOKUP(InteliPar[[#This Row],[Nombre de Articulo]],Productos[],3,FALSE),"00 Falta Info") -> Lacteos | C76: =IFERROR(VLOOKUP(InteliPar[[#This Row],[Nombre de Articulo]],Productos[],2,FALSE),"00 Falta Info") -> Quesos | D76: 46029 | E76: Burrata | F76: 23 | G76: 637078 | H76: 152 | I76: 125 g | J76: 4191.3 | K76: 42 | L76: PIECE | M76: Qifood Spa | N76: 32 | O76: 46018 | P76: 46024 | Q76: 7 | R76: 3 | S76: 0.25 | T76: #REF! | U76: #REF! | V76: #REF! | W76: #REF! | X76: #REF! | Y76: 0 | Z76: #REF!
A77: =IFERROR(VLOOKUP(InteliPar[[#This Row],[Nombre de Articulo]],Productos[],4,FALSE),"00 Falta Info") -> 0 | B77: =IFERROR(VLOOKUP(InteliPar[[#This Row],[Nombre de Articulo]],Productos[],3,FALSE),"00 Falta Info") -> Lacteos | C77: =IFERROR(VLOOKUP(InteliPar[[#This Row],[Nombre de Articulo]],Productos[],2,FALSE),"00 Falta Info") -> Quesos | D77: 46029 | E77: Mascarpone | F77: 0.1 | H77: 8.9 | I77: 1 kg | K77: -3.5 | L77: KG | M77: Qifood Spa | N77: 0 | O77: 46018 | P77: 46024 | Q77: 7 | R77: 3 | S77: 0.25 | T77: #REF! | U77: #REF! | V77: #REF! | W77: #REF! | X77: #REF! | Y77: 0 | Z77: #REF!
A78: =IFERROR(VLOOKUP(InteliPar[[#This Row],[Nombre de Articulo]],Productos[],4,FALSE),"00 Falta Info") -> 0 | B78: =IFERROR(VLOOKUP(InteliPar[[#This Row],[Nombre de Articulo]],Productos[],3,FALSE),"00 Falta Info") -> Lacteos | C78: =IFERROR(VLOOKUP(InteliPar[[#This Row],[Nombre de Articulo]],Productos[],2,FALSE),"00 Falta Info") -> Quesos | D78: 46029 | E78: Mozzarella Fior Di Latte | F78: 12.5 | G78: 564735 | H78: 46.29 | I78: 1 kg | J78: 12199.28 | K78: 30.7 | L78: KG | M78: Qifood Spa | N78: 14 | O78: 46018 | P78: 46024 | Q78: 7 | R78: 3 | S78: 0.25 | T78: #REF! | U78: #REF! | V78: #REF! | W78: #REF! | X78: #REF! | Y78: 0 | Z78: #REF!
A79: =IFERROR(VLOOKUP(InteliPar[[#This Row],[Nombre de Articulo]],Productos[],4,FALSE),"00 Falta Info") -> 0 | B79: =IFERROR(VLOOKUP(InteliPar[[#This Row],[Nombre de Articulo]],Productos[],3,FALSE),"00 Falta Info") -> Lacteos | C79: =IFERROR(VLOOKUP(InteliPar[[#This Row],[Nombre de Articulo]],Productos[],2,FALSE),"00 Falta Info") -> Quesos | D79: 46029 | E79: Parmesano | F79: 1 | G79: 138941 | H79: 10.7 | I79: 1 kg | J79: 12990 | K79: 2.5 | L79: KG | M79: Delicasei SpA | N79: 0 | O79: 46018 | P79: 46024 | Q79: 7 | R79: 3 | S79: 0.25 | T79: #REF! | U79: #REF! | V79: #REF! | W79: #REF! | X79: #REF! | Y79: 0 | Z79: #REF!
A80: =IFERROR(VLOOKUP(InteliPar[[#This Row],[Nombre de Articulo]],Productos[],4,FALSE),"00 Falta Info") -> 0 | B80: =IFERROR(VLOOKUP(InteliPar[[#This Row],[Nombre de Articulo]],Productos[],3,FALSE),"00 Falta Info") -> Lacteos | C80: =IFERROR(VLOOKUP(InteliPar[[#This Row],[Nombre de Articulo]],Productos[],2,FALSE),"00 Falta Info") -> Quesos | D80: 46029 | E80: Provoleta | F80: 2.1 | G80: 222358 | H80: 16.01 | I80: 1 kg | J80: 13886.72 | K80: 5.6 | L80: KG | M80: Delicasei SpA | N80: 10.5 | O80: 46018 | P80: 46024 | Q80: 7 | R80: 3 | S80: 0.25 | T80: #REF! | U80: #REF! | V80: #REF! | W80: #REF! | X80: #REF! | Y80: 0 | Z80: #REF!
A81: =IFERROR(VLOOKUP(InteliPar[[#This Row],[Nombre de Articulo]],Productos[],4,FALSE),"00 Falta Info") -> 0 | B81: =IFERROR(VLOOKUP(InteliPar[[#This Row],[Nombre de Articulo]],Productos[],3,FALSE),"00 Falta Info") -> Lacteos | C81: =IFERROR(VLOOKUP(InteliPar[[#This Row],[Nombre de Articulo]],Productos[],2,FALSE),"00 Falta Info") -> Quesos | D81: 46029 | E81: Queso Azul | F81: 0.5 | G81: 78497.7 | H81: 5.61 | I81: 1 kg | J81: 13989.97 | K81: 1.3 | L81: KG | M81: Delicasei SpA | N81: 5 | O81: 46018 | P81: 46024 | Q81: 7 | R81: 3 | S81: 0.25 | T81: #REF! | U81: #REF! | V81: #REF! | W81: #REF! | X81: #REF! | Y81: 0 | Z81: #REF!
A82: =IFERROR(VLOOKUP(InteliPar[[#This Row],[Nombre de Articulo]],Productos[],4,FALSE),"00 Falta Info") -> 0 | B82: =IFERROR(VLOOKUP(InteliPar[[#This Row],[Nombre de Articulo]],Productos[],3,FALSE),"00 Falta Info") -> Lacteos | C82: =IFERROR(VLOOKUP(InteliPar[[#This Row],[Nombre de Articulo]],Productos[],2,FALSE),"00 Falta Info") -> Quesos | D82: 46029 | E82: Queso Brie | F82: 0.8 | G82: 92550.6 | H82: 3.65 | I82: 1 kg | J82: 25356.34 | K82: 1 | L82: KG | M82: Bastien | N82: 0 | O82: 46018 | P82: 46024 | Q82: 7 | R82: 3 | S82: 0.25 | T82: #REF! | U82: #REF! | V82: #REF! | W82: #REF! | X82: #REF! | Y82: 0 | Z82: #REF!
A83: =IFERROR(VLOOKUP(InteliPar[[#This Row],[Nombre de Articulo]],Productos[],4,FALSE),"00 Falta Info") -> 0 | B83: =IFERROR(VLOOKUP(InteliPar[[#This Row],[Nombre de Articulo]],Productos[],3,FALSE),"00 Falta Info") -> Lacteos | C83: =IFERROR(VLOOKUP(InteliPar[[#This Row],[Nombre de Articulo]],Productos[],2,FALSE),"00 Falta Info") -> Quesos | D83: 46029 | E83: Queso Crema | F83: 0.2 | G83: 87825.3 | H83: 8.62 | I83: 1 kg | J83: 10188.08 | K83: 3 | L83: KG | M83: Delicasei SpA | N83: 0 | O83: 46018 | P83: 46024 | Q83: 7 | R83: 3 | S83: 0.25 | T83: #REF! | U83: #REF! | V83: #REF! | W83: #REF! | X83: #REF! | Y83: 0 | Z83: #REF!
A84: =IFERROR(VLOOKUP(InteliPar[[#This Row],[Nombre de Articulo]],Productos[],4,FALSE),"00 Falta Info") -> 0 | B84: =IFERROR(VLOOKUP(InteliPar[[#This Row],[Nombre de Articulo]],Productos[],3,FALSE),"00 Falta Info") -> Lacteos | C84: =IFERROR(VLOOKUP(InteliPar[[#This Row],[Nombre de Articulo]],Productos[],2,FALSE),"00 Falta Info") -> Quesos | D84: 46029 | E84: Queso de Cabra | F84: 0.4 | G84: 132722 | H84: 7.31 | I84: 1 kg | J84: 18151.3 | K84: 4 | L84: KG | M84: Bastien | N84: 5.9 | O84: 46018 | P84: 46024 | Q84: 7 | R84: 3 | S84: 0.25 | T84: #REF! | U84: #REF! | V84: #REF! | W84: #REF! | X84: #REF! | Y84: 0 | Z84: #REF!
A85: =IFERROR(VLOOKUP(InteliPar[[#This Row],[Nombre de Articulo]],Productos[],4,FALSE),"00 Falta Info") -> 0 | B85: =IFERROR(VLOOKUP(InteliPar[[#This Row],[Nombre de Articulo]],Productos[],3,FALSE),"00 Falta Info") -> Abarrotes | C85: =IFERROR(VLOOKUP(InteliPar[[#This Row],[Nombre de Articulo]],Productos[],2,FALSE),"00 Falta Info") -> Chocolate | D85: 46029 | E85: Belcolade Bitter | F85: -1.3 | H85: 20.57 | I85: 1 kg | K85: 0.6 | L85: KG | M85: Bastien | N85: 0 | O85: 46018 | P85: 46024 | Q85: 7 | R85: 3 | S85: 0.25 | T85: #REF! | U85: #REF! | V85: #REF! | W85: #REF! | X85: #REF! | Y85: 0 | Z85: #REF!
A86: =IFERROR(VLOOKUP(InteliPar[[#This Row],[Nombre de Articulo]],Productos[],4,FALSE),"00 Falta Info") -> 0 | B86: =IFERROR(VLOOKUP(InteliPar[[#This Row],[Nombre de Articulo]],Productos[],3,FALSE),"00 Falta Info") -> Abarrotes | C86: =IFERROR(VLOOKUP(InteliPar[[#This Row],[Nombre de Articulo]],Productos[],2,FALSE),"00 Falta Info") -> Chocolate | D86: 46029 | E86: Belcolade Blanco | F86: 0.3 | G86: 81653.4 | H86: 8.27 | I86: 1 kg | J86: 9876.29 | K86: 0.5 | L86: KG | M86: Bastien | N86: 0 | O86: 46018 | P86: 46024 | Q86: 7 | R86: 3 | S86: 0.25 | T86: #REF! | U86: #REF! | V86: #REF! | W86: #REF! | X86: #REF! | Y86: 0 | Z86: #REF!
A87: =IFERROR(VLOOKUP(InteliPar[[#This Row],[Nombre de Articulo]],Productos[],4,FALSE),"00 Falta Info") -> 0 | B87: =IFERROR(VLOOKUP(InteliPar[[#This Row],[Nombre de Articulo]],Productos[],3,FALSE),"00 Falta Info") -> Abarrotes | C87: =IFERROR(VLOOKUP(InteliPar[[#This Row],[Nombre de Articulo]],Productos[],2,FALSE),"00 Falta Info") -> Chocolate | D87: 46029 | E87: Belcolade De Leche | F87: 0.6 | H87: 9.66 | I87: 1 kg | K87: 0.2 | L87: KG | M87: Bastien | N87: 0 | O87: 46018 | P87: 46024 | Q87: 7 | R87: 3 | S87: 0.25 | T87: #REF! | U87: #REF! | V87: #REF! | W87: #REF! | X87: #REF! | Y87: 0 | Z87: #REF!
A88: =IFERROR(VLOOKUP(InteliPar[[#This Row],[Nombre de Articulo]],Productos[],4,FALSE),"00 Falta Info") -> 0 | B88: =IFERROR(VLOOKUP(InteliPar[[#This Row],[Nombre de Articulo]],Productos[],3,FALSE),"00 Falta Info") -> Abarrotes | C88: =IFERROR(VLOOKUP(InteliPar[[#This Row],[Nombre de Articulo]],Productos[],2,FALSE),"00 Falta Info") -> Aceite | D88: 46029 | E88: Aceite Vegetal 900ml | F88: 19 | G88: 30335.7 | H88: 19 | I88: 1 | J88: 1596.61 | K88: 13.4 | L88: BOTTLE | M88: Bastien | N88: 12 | O88: 46018 | P88: 46024 | Q88: 7 | R88: 3 | S88: 0.25 | T88: #REF! | U88: #REF! | V88: #REF! | W88: #REF! | X88: #REF! | Y88: 0 | Z88: #REF!
A89: =IFERROR(VLOOKUP(InteliPar[[#This Row],[Nombre de Articulo]],Productos[],4,FALSE),"00 Falta Info") -> 0 | B89: =IFERROR(VLOOKUP(InteliPar[[#This Row],[Nombre de Articulo]],Productos[],3,FALSE),"00 Falta Info") -> Verduras | C89: =IFERROR(VLOOKUP(InteliPar[[#This Row],[Nombre de Articulo]],Productos[],2,FALSE),"00 Falta Info") -> Champiñon | D89: 46029 | E89: ChampiÃ±on Ostra | F89: 3.5 | G89: 13109.5 | H89: 0.78 | I89: 1 kg | J89: 16700 | K89: 3.5 | L89: KG | M89: Transyver SPA | N89: 1.6 | O89: 46018 | P89: 46024 | Q89: 7 | R89: 3 | S89: 0.25 | T89: #REF! | U89: #REF! | V89: #REF! | W89: #REF! | X89: #REF! | Y89: 0 | Z89: #REF!
A90: =IFERROR(VLOOKUP(InteliPar[[#This Row],[Nombre de Articulo]],Productos[],4,FALSE),"00 Falta Info") -> 0 | B90: =IFERROR(VLOOKUP(InteliPar[[#This Row],[Nombre de Articulo]],Productos[],3,FALSE),"00 Falta Info") -> Verduras | C90: =IFERROR(VLOOKUP(InteliPar[[#This Row],[Nombre de Articulo]],Productos[],2,FALSE),"00 Falta Info") -> Champiñon | D90: 46029 | E90: ChampiÃ±on Portobello | F90: 3 | G90: 39936 | H90: 3.07 | I90: 1 kg | J90: 13000 | K90: 3 | L90: KG | M90: Transyver SPA | N90: 5 | O90: 46018 | P90: 46024 | Q90: 7 | R90: 3 | S90: 0.25 | T90: #REF! | U90: #REF! | V90: #REF! | W90: #REF! | X90: #REF! | Y90: 0 | Z90: #REF!
A91: =IFERROR(VLOOKUP(InteliPar[[#This Row],[Nombre de Articulo]],Productos[],4,FALSE),"00 Falta Info") -> 0 | B91: =IFERROR(VLOOKUP(InteliPar[[#This Row],[Nombre de Articulo]],Productos[],3,FALSE),"00 Falta Info") -> Verduras | C91: =IFERROR(VLOOKUP(InteliPar[[#This Row],[Nombre de Articulo]],Productos[],2,FALSE),"00 Falta Info") -> Palta | D91: 46029 | E91: Palta Hass | F91: 16.5 | G91: 49451.1 | H91: 10.99 | I91: 1 kg | J91: 4500 | K91: 19.7 | L91: KG | M91: Transyver SPA | N91: 15 | O91: 46018 | P91: 46024 | Q91: 7 | R91: 3 | S91: 0.25 | T91: #REF! | U91: #REF! | V91: #REF! | W91: #REF! | X91: #REF! | Y91: 0 | Z91: #REF!
A92: =IFERROR(VLOOKUP(InteliPar[[#This Row],[Nombre de Articulo]],Productos[],4,FALSE),"00 Falta Info") -> 0 | B92: =IFERROR(VLOOKUP(InteliPar[[#This Row],[Nombre de Articulo]],Productos[],3,FALSE),"00 Falta Info") -> Postres | C92: =IFERROR(VLOOKUP(InteliPar[[#This Row],[Nombre de Articulo]],Productos[],2,FALSE),"00 Falta Info") -> Tortas | D92: 46029 | E92: Cheesecake clasico | F92: 7 | G92: 29700 | H92: 27 | I92: 1 | J92: 1100 | K92: 33.4 | L92: UNI | M92: Pasteleria Bardot | N92: 16 | O92: 46018 | P92: 46024 | Q92: 7 | R92: 3 | S92: 0.25 | T92: #REF! | U92: #REF! | V92: #REF! | W92: #REF! | X92: #REF! | Y92: 0 | Z92: #REF!
A93: =IFERROR(VLOOKUP(InteliPar[[#This Row],[Nombre de Articulo]],Productos[],4,FALSE),"00 Falta Info") -> 0 | B93: =IFERROR(VLOOKUP(InteliPar[[#This Row],[Nombre de Articulo]],Productos[],3,FALSE),"00 Falta Info") -> Postres | C93: =IFERROR(VLOOKUP(InteliPar[[#This Row],[Nombre de Articulo]],Productos[],2,FALSE),"00 Falta Info") -> Tortas | D93: 46029 | E93: Galleta new york | F93: 4 | G93: 46585 | H93: 55 | I93: 1 | J93: 847 | K93: 24 | L93: UNI | M93: Pasteleria Bardot | N93: 0 | O93: 46018 | P93: 46024 | Q93: 7 | R93: 3 | S93: 0.25 | T93: #REF! | U93: #REF! | V93: #REF! | W93: #REF! | X93: #REF! | Y93: 0 | Z93: #REF!
A94: =IFERROR(VLOOKUP(InteliPar[[#This Row],[Nombre de Articulo]],Productos[],4,FALSE),"00 Falta Info") -> 0 | B94: =IFERROR(VLOOKUP(InteliPar[[#This Row],[Nombre de Articulo]],Productos[],3,FALSE),"00 Falta Info") -> Postres | C94: =IFERROR(VLOOKUP(InteliPar[[#This Row],[Nombre de Articulo]],Productos[],2,FALSE),"00 Falta Info") -> Tortas | D94: 46029 | E94: Mini Brownie | H94: 131 | I94: 1 | K94: 0 | L94: UNI | M94: Pasteleria Bardot | N94: 131 | O94: 46018 | P94: 46024 | Q94: 7 | R94: 3 | S94: 0.25 | T94: #REF! | U94: #REF! | V94: #REF! | W94: #REF! | X94: #REF! | Y94: 0 | Z94: #REF!
A95: =IFERROR(VLOOKUP(InteliPar[[#This Row],[Nombre de Articulo]],Productos[],4,FALSE),"00 Falta Info") -> 0 | B95: =IFERROR(VLOOKUP(InteliPar[[#This Row],[Nombre de Articulo]],Productos[],3,FALSE),"00 Falta Info") -> Postres | C95: =IFERROR(VLOOKUP(InteliPar[[#This Row],[Nombre de Articulo]],Productos[],2,FALSE),"00 Falta Info") -> Tortas | D95: 46029 | E95: Mini Cheesecake | I95: 1 | K95: 309 | L95: UNI | M95: Pasteleria Bardot | N95: 0 | O95: 46018 | P95: 46024 | Q95: 7 | R95: 3 | S95: 0.25 | T95: #REF! | U95: #REF! | V95: #REF! | W95: #REF! | X95: #REF! | Y95: 0 | Z95: #REF!
A96: =IFERROR(VLOOKUP(InteliPar[[#This Row],[Nombre de Articulo]],Productos[],4,FALSE),"00 Falta Info") -> 0 | B96: =IFERROR(VLOOKUP(InteliPar[[#This Row],[Nombre de Articulo]],Productos[],3,FALSE),"00 Falta Info") -> Postres | C96: =IFERROR(VLOOKUP(InteliPar[[#This Row],[Nombre de Articulo]],Productos[],2,FALSE),"00 Falta Info") -> Tortas | D96: 46029 | E96: Mini Galleta New York | G96: 4452 | H96: 14 | I96: 1 | J96: 318 | K96: 165 | L96: UNI | M96: Pasteleria Bardot | N96: 0 | O96: 46018 | P96: 46024 | Q96: 7 | R96: 3 | S96: 0.25 | T96: #REF! | U96: #REF! | V96: #REF! | W96: #REF! | X96: #REF! | Y96: 0 | Z96: #REF!
A97: =IFERROR(VLOOKUP(InteliPar[[#This Row],[Nombre de Articulo]],Productos[],4,FALSE),"00 Falta Info") -> 0 | B97: =IFERROR(VLOOKUP(InteliPar[[#This Row],[Nombre de Articulo]],Productos[],3,FALSE),"00 Falta Info") -> Postres | C97: =IFERROR(VLOOKUP(InteliPar[[#This Row],[Nombre de Articulo]],Productos[],2,FALSE),"00 Falta Info") -> Tortas | D97: 46029 | E97: Mousse manjar y chocolate | F97: 8 | G97: 18000 | H97: 15 | I97: 1 | J97: 1200 | K97: 29 | L97: UNI | M97: Pasteleria Bardot | N97: 0 | O97: 46018 | P97: 46024 | Q97: 7 | R97: 3 | S97: 0.25 | T97: #REF! | U97: #REF! | V97: #REF! | W97: #REF! | X97: #REF! | Y97: 0 | Z97: #REF!
A98: =IFERROR(VLOOKUP(InteliPar[[#This Row],[Nombre de Articulo]],Productos[],4,FALSE),"00 Falta Info") -> 0 | B98: =IFERROR(VLOOKUP(InteliPar[[#This Row],[Nombre de Articulo]],Productos[],3,FALSE),"00 Falta Info") -> Postres | C98: =IFERROR(VLOOKUP(InteliPar[[#This Row],[Nombre de Articulo]],Productos[],2,FALSE),"00 Falta Info") -> Tortas | D98: 46029 | E98: Pavlova | F98: 2 | G98: 17000 | H98: 17 | I98: 1 | J98: 1000 | K98: 9.3 | L98: UNI | M98: Pasteleria Bardot | N98: 0 | O98: 46018 | P98: 46024 | Q98: 7 | R98: 3 | S98: 0.25 | T98: #REF! | U98: #REF! | V98: #REF! | W98: #REF! | X98: #REF! | Y98: 0 | Z98: #REF!
A99: =IFERROR(VLOOKUP(InteliPar[[#This Row],[Nombre de Articulo]],Productos[],4,FALSE),"00 Falta Info") -> 0 | B99: =IFERROR(VLOOKUP(InteliPar[[#This Row],[Nombre de Articulo]],Productos[],3,FALSE),"00 Falta Info") -> Postres | C99: =IFERROR(VLOOKUP(InteliPar[[#This Row],[Nombre de Articulo]],Productos[],2,FALSE),"00 Falta Info") -> Tortas | D99: 46029 | E99: Tartaleta de mango maracuya | F99: 11 | G99: 22100 | H99: 17 | I99: 1 | J99: 1300 | K99: 21 | L99: UNI | M99: Pasteleria Bardot | N99: 12 | O99: 46018 | P99: 46024 | Q99: 7 | R99: 3 | S99: 0.25 | T99: #REF! | U99: #REF! | V99: #REF! | W99: #REF! | X99: #REF! | Y99: 0 | Z99: #REF!
A100: =IFERROR(VLOOKUP(InteliPar[[#This Row],[Nombre de Articulo]],Productos[],4,FALSE),"00 Falta Info") -> 0 | B100: =IFERROR(VLOOKUP(InteliPar[[#This Row],[Nombre de Articulo]],Productos[],3,FALSE),"00 Falta Info") -> Colación | C100: =IFERROR(VLOOKUP(InteliPar[[#This Row],[Nombre de Articulo]],Productos[],2,FALSE),"00 Falta Info") -> Colacion | D100: 46029 | E100: Asiento Colacion | I100: 1 kg | K100: 20.7 | L100: KG | M100: Servicios y Rentas G.V. SpA | N100: 0 | O100: 46018 | P100: 46024 | Q100: 7 | R100: 3 | S100: 0.25 | T100: #REF! | U100: #REF! | V100: #REF! | W100: #REF! | X100: #REF! | Y100: 0 | Z100: #REF!
...

Sheet Pivot
A1: Ahorro/faltantes inventario ($)
B2: Column Labels
B3: Postres | C3: Verduras | D3: Lacteos | E3: Embutidos | F3: Mariscos | G3: Pescado | H3: Carnes | I3: Aves | J3: Abarrotes | K3: Colación
A4: Suma de Diferencia (Costo) | B4: 15646 | C4: -35011.69 | D4: 34824.43 | E4: 9292.24 | F4: 8935.68 | G4: -40215.08 | H4: -3654.88 | I4: 20030.2 | J4: -55563.9 | K4: -47296.13
K6: Fecha del periodo
A7: Suma de Ahorro | B7: =+SUMIF($B$4:$J$4,">"&0,$B$4:$J$4) -> 88728.55 | K7: Fecha Inicial | L7: Fecha
A8: Suma de Faltante | B8: =+SUMIF($B$4:$J$4,"<"&0,$B$4:$J$4) -> -134445.55 | K8: 46177 | L8: 46183
K9: Grand Total
A10: Suma de Desperdicio (Costo)
A11: 22974.7
A13: Desempeño de los 10 productos con mayor uso ($)
A14: Row Labels | B14: Suma de Usado (Costo) | C14: Suma de Diferencia (Costo) | D14: Suma de % Diferencia | E14: % Costo Real
A15: Entra��a | B15: 1123500 | C15: -10700 | D15: -0.01 | E15: 0.39992509
A16: Mozzarella Fior Di Latte | B16: 382743.95 | C16: 413.95 | D16: 0.001 | E16: 0.18794092
A17: Corvina | B17: 241218.09 | C17: -27279.16 | D17: -0.115 | E17: 0.93324946
A18: Ojo de Bife | B18: 233654.38 | C18: -14327.71 | D18: -0.061 | E18: 0.38176635
A19: Locos | B19: 177921.32 | C19: 1287.03 | D19: 0.007 | E19: 0.49064588
A20: Filete | B20: 173521.12 | C20: 15372.83 | D20: 0.089 | E20: 0.21958165
A21: Salmon | B21: 125836.29 | C21: -9187.82 | D21: -0.073 | E21: 0.25034854
A22: Filete Medallon | B22: 119000 | C22: 0 | D22: 0 | E22: 0.41941133
A23: Pulpo | B23: 108811.99 | C23: -16852.42 | D23: -0.154 | E23: 0.31752862
A24: Burrata | B24: 106061.05 | C24: 0 | D24: 0 | E24: 0.40795619
A27: Compra Realizada vs Sugerida por familia
A28: Row Labels | B28: Compra Sugerida | C28: Compra Realizada
A29: Postres | B29: 237482 | C29: 114174
A30: Verduras | B30: 60016.8 | C30: 318762
A31: Lacteos | B31: 393802 | C31: 519750.2
A32: Embutidos | B32: 9952.67 | C32: 115500
A33: Mariscos | B33: 102688 | C33: 767376
A34: Pescado | B34: 860783 | C34: 388493
A35: Carnes | B35: 410332.76 | C35: 1217000
A36: Aves | B36: 0 | C36: 0
A37: Abarrotes | B37: 75852 | C37: 84672
A38: Colación | B38: 0 | C38: 93003.5
A39: Grand Total | B39: 2150909.2 | C39: 3618730.7

Sheet Reporte
E5: Bardot | L5: Periodo | S5: =+E5 -> Bardot | Z5: Periodo
L6: del: | M6: =+Pivot!K8 -> 46177 | Z6: del: | AA6: =+M6 -> 46177
L7: al: | M7: =+Pivot!L8 -> 46183 | Z7: al: | AA7: =+M7 -> 46183
B59: Desempeño de los 10 productos con mayor uso ($)
B61: Productos | F61: Usado ($) | H61: Ahorro / Faltante al costo | J61: % de Ahorro / Faltante | L61: Costo Real
B62: =+Pivot!A15 -> Entra��a | F62: =+Pivot!B15 -> 1123500 | H62: =+Pivot!C15 -> -10700 | J62: =+Pivot!D15 -> -0.01 | L62: =+Pivot!E15 -> 0.39992509
B63: =+Pivot!A16 -> Mozzarella Fior Di Latte | F63: =+Pivot!B16 -> 382743.95 | H63: =+Pivot!C16 -> 413.95 | J63: =+Pivot!D16 -> 0.001 | L63: =+Pivot!E16 -> 0.18794092
B64: =+Pivot!A17 -> Corvina | F64: =+Pivot!B17 -> 241218.09 | H64: =+Pivot!C17 -> -27279.16 | J64: =+Pivot!D17 -> -0.115 | L64: =+Pivot!E17 -> 0.93324946
B65: =+Pivot!A18 -> Ojo de Bife | F65: =+Pivot!B18 -> 233654.38 | H65: =+Pivot!C18 -> -14327.71 | J65: =+Pivot!D18 -> -0.061 | L65: =+Pivot!E18 -> 0.38176635
B66: =+Pivot!A19 -> Locos | F66: =+Pivot!B19 -> 177921.32 | H66: =+Pivot!C19 -> 1287.03 | J66: =+Pivot!D19 -> 0.007 | L66: =+Pivot!E19 -> 0.49064588
B67: =+Pivot!A20 -> Filete | F67: =+Pivot!B20 -> 173521.12 | H67: =+Pivot!C20 -> 15372.83 | J67: =+Pivot!D20 -> 0.089 | L67: =+Pivot!E20 -> 0.21958165
B68: =+Pivot!A21 -> Salmon | F68: =+Pivot!B21 -> 125836.29 | H68: =+Pivot!C21 -> -9187.82 | J68: =+Pivot!D21 -> -0.073 | L68: =+Pivot!E21 -> 0.25034854
B69: =+Pivot!A22 -> Filete Medallon | F69: =+Pivot!B22 -> 119000 | H69: =+Pivot!C22 -> 0 | J69: =+Pivot!D22 -> 0 | L69: =+Pivot!E22 -> 0.41941133
B70: =+Pivot!A23 -> Pulpo | F70: =+Pivot!B23 -> 108811.99 | H70: =+Pivot!C23 -> -16852.42 | J70: =+Pivot!D23 -> -0.154 | L70: =+Pivot!E23 -> 0.31752862
B71: =+Pivot!A24 -> Burrata | F71: =+Pivot!B24 -> 106061.05 | H71: =+Pivot!C24 -> 0 | J71: =+Pivot!D24 -> 0 | L71: =+Pivot!E24 -> 0.40795619
